Date,Open,High,Low,Close,Adj Close,Volume
1/19/1998,77.8125,78.84375,76.3125,77,46.172577,6940500
1/26/1998,77.375,80.25,76.9375,79.234375,47.512428,6372600
2/2/1998,80.625,82.171875,80.40625,82.109375,49.236366,4465500
2/9/1998,82.09375,84.109375,81.4375,83.640625,50.154594,3584700
2/16/1998,84.3125,84.71875,83.3125,84.28125,50.538754,2959000
2/23/1998,85,85.953125,83.53125,85.59375,51.325764,2920400
3/2/1998,85.75,86.125,84.21875,86.03125,51.588112,4062500
3/9/1998,85.625,87.25,85.59375,86.15625,51.663029,2691200
3/16/1998,86.5625,89.40625,86.34375,89.15625,53.462013,3128100
3/23/1998,89.1875,90.0625,87.875,88.265625,52.927986,2985000
3/30/1998,88.28125,90.578125,87.6875,90.09375,54.024166,2490000
4/6/1998,90.875,91.25,88.828125,90.375,54.192863,2719000
4/13/1998,90.734375,92.015625,89.5625,91.703125,54.989212,1666900
4/20/1998,91.59375,92.109375,90.0625,90.546875,54.499393,2592700
4/27/1998,89.4375,91.65625,88.390625,91.65625,55.167091,3434100
5/4/1998,91.984375,92.578125,89.6875,90.9375,54.734497,2764800
5/11/1998,91.28125,92.359375,90.609375,90.796875,54.649879,2485300
5/18/1998,90.875,92.171875,90,91.234375,54.967056,1785300
5/25/1998,91.734375,91.84375,87.9375,88.84375,53.526749,2202500
6/1/1998,88.625,90.859375,87.53125,90.859375,54.741112,2960700
6/8/1998,90.75,91.25,86.875,88.5625,53.357296,2617700
6/15/1998,87.5625,89.171875,85.9375,87.078125,52.462963,3034100
6/22/1998,87.1875,90.296875,86.796875,89.6875,54.151592,1286800
6/29/1998,90.1875,90.671875,89.359375,90.296875,54.519558,1304300
7/6/1998,90.3125,91.984375,90.03125,91.234375,55.085571,748400
7/13/1998,91.375,93.625,90.796875,93.328125,56.349712,1386500
7/20/1998,93.546875,93.578125,88.53125,89.4375,54.000668,1576400
7/27/1998,88.96875,90.375,88.015625,88.53125,53.453491,2038300
8/3/1998,88.625,88.921875,83.53125,86.15625,52.019432,4103000
8/10/1998,86,86.40625,83.0625,84.3125,50.906277,3242900
8/17/1998,84.09375,87.90625,83.1875,85.59375,51.679871,3560200
8/24/1998,85.8125,86.875,80.125,80.78125,48.885834,4367200
8/31/1998,81.21875,81.40625,73.875,76.875,46.5219,4980300
9/7/1998,79.1875,80.65625,75,78.71875,47.637642,4446900
9/14/1998,79.421875,81.6875,78.125,78.8125,47.69442,2531400
9/21/1998,76.28125,81.875,76.15625,80.125,48.555882,2665300
9/28/1998,80.9375,81.640625,75.0625,78.15625,47.362816,4521000
10/5/1998,77.34375,79.375,74.46875,79.1875,47.987759,6230800
10/12/1998,80.53125,88,78.6875,84.1875,51.017738,3772900
10/19/1998,84,86.5,83.8125,84.3125,51.093491,3021600
10/26/1998,85,86.609375,83.171875,86.03125,52.135044,2744500
11/2/1998,86.78125,89.9375,86.234375,89.875,54.464417,2899300
11/9/1998,89.84375,89.9375,87.96875,89.5,54.237064,1798800
11/16/1998,90.15625,92,89.03125,91.71875,55.58168,1744700
11/23/1998,92.359375,94.09375,92.25,93.25,56.603256,1260600
11/30/1998,93.046875,93.0625,88.5625,90.5,54.933933,3094300
12/7/1998,90.59375,91,87.265625,87.96875,53.397449,2209900
12/14/1998,87.421875,89.375,86.515625,88.71875,53.852741,2971900
12/21/1998,89.265625,92.515625,89.109375,92.09375,55.99601,1805700
12/28/1998,92.765625,93.53125,91.5,91.53125,55.65403,1945700
1/4/1999,92.078125,96.625,91.046875,96.515625,58.684647,2561200
1/11/1999,96.34375,96.453125,90.71875,93.46875,56.832104,3299600
1/18/1999,94.3125,94.75,90.75,91.3125,55.612804,3688600
1/25/1999,91.390625,94,90.359375,93.28125,56.811874,2130200
2/1/1999,93.984375,94.34375,91.875,93.0625,56.678608,1784600
2/8/1999,93.5,94.34375,90.96875,92.90625,56.583473,2527200
2/15/1999,93.59375,93.984375,91.796875,93.53125,56.964081,2165500
2/22/1999,93.453125,96.125,92.25,92.890625,56.665321,3541700
3/1/1999,93,97.84375,92,97.625,59.553379,2890300
3/8/1999,97.671875,99.859375,96.75,98.640625,60.172924,2496600
3/15/1999,98.90625,100.75,98.5625,98.5625,60.125286,2357300
3/22/1999,98.6875,99.4375,96.171875,98.28125,60.043545,1841000
3/29/1999,99.203125,100.5,97.546875,98.265625,60.033947,1713600
4/5/1999,99.34375,102.59375,98.8125,101.875,62.239033,1767800
4/12/1999,100.625,105.21875,100.625,104.53125,63.861835,7733200
4/19/1999,104.9375,107.625,103.125,107.09375,65.43853,14789000
4/26/1999,107.34375,109.5625,106.40625,107.625,65.763161,11692600
5/3/1999,107.9375,110.4375,107.53125,110.4375,67.481743,11117400
5/10/1999,110.28125,111.5,107,109.125,66.679726,9859200
5/17/1999,108.90625,109.6875,107.625,108.25,66.145126,5194400
5/24/1999,108.6875,108.6875,104.21875,105.140625,64.380676,6152000
5/31/1999,105.203125,108.3125,104.0625,108.21875,66.265465,4296200
6/7/1999,108.375,109.25,104.34375,104.96875,64.275406,3415600
6/14/1999,105.5,108.875,105,108.46875,66.418495,2956700
6/21/1999,108.75,108.96875,104.75,105.734375,64.814003,2103400
6/28/1999,106.5625,111.75,106.25,111.65625,68.443947,3783700
7/5/1999,111.6875,112.5,110.8125,112.0625,68.693016,1864400
7/12/1999,112.59375,112.59375,110.8125,112.03125,68.673889,1623600
7/19/1999,112.375,112.625,108.625,109.0625,66.873817,3192300
7/26/1999,108.71875,110.25,106.3125,106.34375,65.206779,3907400
8/2/1999,106.375,108.34375,105.5,107.09375,65.666664,5800300
8/9/1999,107.1875,110,105.28125,110,67.448708,4847800
8/16/1999,110,111.71875,109.015625,111.15625,68.157623,3486000
8/23/1999,111.71875,113.75,111,111,68.204117,4762900
8/30/1999,111.15625,111.3125,107.375,111.3125,68.396164,4722600
9/6/1999,110.71875,111.875,109.625,110.3125,67.7817,2412000
9/13/1999,110.03125,110.5,106.375,108.375,66.59124,4400100
9/20/1999,108.46875,108.46875,101.4375,102.640625,63.144642,7291800
9/27/1999,103.71875,104.125,100.75,102.59375,63.115772,6786700
10/4/1999,103.375,106.59375,102.65625,106.59375,65.576622,5366300
10/11/1999,106.375,107.125,99.875,100,61.520138,7034800
10/18/1999,100.21875,105.34375,99.5625,104.5,64.309814,6699600
10/25/1999,103.6875,108,102.6875,107.5625,66.194473,5867300
11/1/1999,107.5,108.34375,105.65625,107.53125,66.17527,4278300
11/8/1999,106.375,108.0625,105.40625,108.0625,66.502159,3667800
11/15/1999,107.90625,110.71875,107.28125,110.015625,67.704178,3362400
11/22/1999,110,111.21875,109.40625,109.4375,67.46434,1102700
11/29/1999,109.5625,113.375,108.203125,112.953125,69.631638,2575000
12/6/1999,112.953125,113.125,110.46875,112.46875,69.333015,2568900
12/13/1999,111.71875,113.984375,111.34375,112.8125,69.54493,2669100
12/20/1999,113.25,114.484375,110.9375,114.484375,70.64344,2227800
12/27/1999,114.5625,115.71875,113.84375,115.1875,71.077293,2537600
1/3/2000,116.03125,116.03125,109.03125,115.5,71.270218,11228400
1/10/2000,116.8125,117.5,115.015625,117.5,72.504272,6362600
1/17/2000,116.4375,116.875,112.3125,112.8125,69.611847,3330100
1/24/2000,113.25,113.625,107.140625,107.40625,66.319572,6902900
1/31/2000,107.140625,111.1875,107,109.75,67.766823,3738500
2/7/2000,109.15625,110.34375,103.625,104.5,64.525085,5943800
2/14/2000,105,107.875,102,102.25,63.135799,6077400
2/21/2000,102.875,103.5,98.1875,98.5625,60.933895,10913300
2/28/2000,99.1875,104.546875,98.25,103.875,64.218231,7663700
3/6/2000,103.8125,103.984375,97.15625,99.5625,61.552116,10652600
3/13/2000,96.84375,107.71875,96.84375,106.125,65.609207,12969200
3/20/2000,106.28125,112.46875,105.890625,111.125,68.802147,10354900
3/27/2000,111.34375,111.90625,108.875,109.4375,67.757385,9109700
4/3/2000,109.3125,114.34375,106.34375,110.90625,68.66674,14754200
4/10/2000,111.21875,114.53125,101.515625,102.515625,63.471706,17930700
4/17/2000,102.875,108.78125,102.25,108.78125,67.351059,10978100
4/24/2000,107,111.625,106.75,107.5625,66.624542,9387400
5/1/2000,107.96875,109.34375,103.3125,105.84375,65.559975,6931300
5/8/2000,105.265625,106.9375,102.625,106.25,65.811569,6034800
5/15/2000,106.46875,109.78125,105.515625,106.5625,66.005142,5098200
5/22/2000,106.125,106.34375,102.53125,103.125,63.976589,5324200
5/29/2000,104.125,108.96875,103.53125,107.515625,66.700447,2841500
6/5/2000,107.375,108.734375,105.890625,106.265625,65.924995,3705000
6/12/2000,106.640625,107.75,104.515625,104.515625,64.839287,5647000
6/19/2000,104.765625,106.0625,103.375,104.4375,64.826057,4505900
6/26/2000,104.9375,106.453125,103.34375,104.375,64.787231,3046800
7/3/2000,104.75,106.75,104.0625,106.328125,65.999611,2018100
7/10/2000,106.0625,108.6875,106.0625,108.25,67.192513,4093500
7/17/2000,107.875,109.09375,106.9375,107,66.41658,2931400
7/24/2000,107.375,107.75,104.53125,105,65.267296,2423900
7/31/2000,105.4375,107.734375,104.875,107.5,66.821304,3001000
8/7/2000,107.78125,110.78125,107.359375,110.34375,68.588936,4734700
8/14/2000,110.28125,111.96875,109.765625,110.4375,68.647224,4460700
8/21/2000,110.9375,112.25,110.21875,112.234375,69.841057,2955300
8/28/2000,112.234375,113.328125,110.9375,112.53125,70.025719,2407800
9/4/2000,111.9375,114.09375,111.8125,112.09375,69.75351,2160600
9/11/2000,111.96875,113.0625,108.96875,109,67.828323,2860000
9/18/2000,109.4375,109.46875,105.53125,108.75,67.759247,8957900
9/25/2000,108.625,108.96875,105.78125,106.625,66.435219,3698900
10/2/2000,106.984375,108.78125,105.21875,106.1875,66.162621,5994700
10/9/2000,106.03125,106.53125,100.078125,101.875,63.475567,6457800
10/16/2000,102.234375,103.15625,96.75,102.375,63.787155,7705700
10/23/2000,102.625,106.40625,102.28125,106.1875,66.249084,7578300
10/30/2000,105.8125,109.921875,105.8125,108.21875,67.516403,15864000
11/6/2000,108.46875,110.21875,106,106.125,66.210152,10322900
11/13/2000,105,108.25,103.75,106.234375,66.278343,7665400
11/20/2000,105.8125,106,103.75,105.0625,65.630981,3534000
11/27/2000,106.1875,106.6875,102.875,103.8125,64.850113,7368600
12/4/2000,103.125,109.359375,103.09375,104.53125,65.29911,8435000
12/11/2000,106.625,109.4375,103.765625,103.765625,64.820793,6028100
12/18/2000,105.4375,107.90625,102.78125,106.96875,66.896416,10983500
12/25/2000,106.953125,109.15625,105.96875,106.78125,66.779144,5356400
1/1/2001,107.1875,112.5,105.59375,106.28125,66.466423,9028100
1/8/2001,106,107.125,104.59375,105.34375,65.88015,7714500
1/15/2001,105.25,107.484375,104.8125,105.5625,66.016922,5734200
1/22/2001,105.75,107.9375,105.0625,106.625,66.755844,5613400
1/29/2001,106.610001,110.389999,106.150002,108.629997,68.011185,7247300
2/5/2001,108.870003,110.480003,107.669998,108.019997,67.629288,7158200
2/12/2001,108.080002,110.400002,107.209999,108.150002,67.710617,7923000
2/19/2001,108.400002,109.099998,103,104.550003,65.555664,8156100
2/26/2001,104.900002,107.199997,103.010002,104.800003,65.712425,11520300
3/5/2001,105.25,108.779999,104.889999,106.150002,66.558853,11003900
3/12/2001,105.449997,107.839996,98.150002,98.379997,61.686859,27998200
3/19/2001,98.910004,100.699997,91,95.300003,59.845657,35455500
3/26/2001,96,99.599998,95.790001,99.139999,62.257118,28322100
4/2/2001,98.400002,99.970001,93.760002,98.199997,61.666798,31712300
4/9/2001,99.440002,102.5,97.709999,101.699997,63.864704,20858000
4/16/2001,101,107.449997,100.5,105.949997,66.533562,20835000
4/23/2001,105.349998,108.290001,104.449997,108.230003,68.019302,13013500
4/30/2001,108.489998,109.809998,106.769997,109.800003,69.006012,20955700
5/7/2001,109.449997,110.029999,107.839996,108.529999,68.207848,13761400
5/14/2001,108.349998,113.639999,108.110001,113.150002,71.111404,22712200
5/21/2001,113,113.599998,110.010002,110.150002,69.335884,16924400
5/28/2001,110.449997,110.800003,108.400002,110.449997,69.524719,10489400
6/4/2001,110.25,112.18,109.349998,109.75,69.084099,8863700
6/11/2001,109.550003,110.25,105.650002,106.699997,67.164276,14443200
6/18/2001,106.400002,107.75,105.650002,106.239998,66.943733,15323800
6/25/2001,106.57,106.830002,104.010002,105.239998,66.313644,11185000
7/2/2001,104.779999,106.580002,102.32,102.559998,64.624878,6026100
7/9/2001,102.949997,105.699997,101.339996,105.68,66.590927,12800800
7/16/2001,105.459999,107,104.449997,105.800003,66.666534,7523300
7/23/2001,106.220001,106.330002,102,104.349998,65.823364,10555000
7/30/2001,104.650002,106.25,103.629997,105.379997,66.473083,9286400
8/6/2001,105,105.080002,102.019997,104.230003,65.747673,17992000
8/13/2001,104.199997,104.970001,101.879997,102.5,64.656395,13686900
8/20/2001,102.400002,104.970001,101.449997,104.629997,66.074806,16621900
8/27/2001,104.5,104.610001,98.830002,99.879997,63.075165,17863700
9/3/2001,99.699997,102.07,95.699997,95.849998,60.530098,31998900
9/10/2001,95.169998,96.959999,95.050003,96.449997,60.909061,8726900
9/17/2001,90.5,92.300003,79.5,82.800003,52.288956,52738400
9/24/2001,85.459999,88.739998,84.5,88.349998,55.920837,32060900
10/1/2001,87.849998,91.980003,87.349998,91.120003,57.674114,34365100
10/8/2001,90.199997,94.550003,90.050003,93.589996,59.237484,35498900
10/15/2001,93,95.18,90.849998,91.900002,58.167816,28587600
10/22/2001,91.900002,96.099998,91.699997,95.239998,60.346756,17791900
10/29/2001,95.050003,95.510002,90.150002,93.410004,59.187222,18505500
11/5/2001,94.25,97.400002,93.849998,96.309998,61.024715,15034400
11/12/2001,95.199997,99.339996,94,98.870003,62.646881,18406900
11/19/2001,99.449997,100.139999,98.120003,99.900002,63.387104,10200900
11/26/2001,99.949997,100.150002,97.059998,98.589996,62.555901,16503300
12/3/2001,98.099998,101.949997,97.209999,100.900002,64.021614,14856300
12/10/2001,100.349998,101,97.519997,98.599998,62.562252,15417200
12/17/2001,98.349998,101.169998,98.339996,100.5,63.767746,11451000
12/24/2001,100.519997,101.940002,100.400002,101.160004,64.323265,5085900
12/31/2001,101.339996,102.949997,99.400002,102.82,65.378815,8304500
1/7/2002,102.870003,103.139999,99.849998,100.07,63.630199,16346800
1/14/2002,99.739998,99.980003,97,97.900002,62.250355,18552900
1/21/2002,98.339996,99.059998,96.879997,98.480003,62.67601,12823200
1/28/2002,98.860001,99.559998,95.300003,99.279999,63.18512,20068800
2/4/2002,99.099998,99.099998,95.849998,97.620003,62.128632,24410800
2/11/2002,97.599998,100.790001,97.339996,99.150002,63.102386,17134000
2/18/2002,98.599998,100.459999,97.370003,99.980003,63.716377,29979000
2/25/2002,100.059998,104,99.980003,103.839996,66.176285,43117500
3/4/2002,104.199997,106.889999,104.080002,105.989998,67.546494,40595200
3/11/2002,105.75,106.720001,104.900002,106.150002,67.64846,37211000
3/18/2002,106.349998,106.849998,103.610001,104.230003,66.525299,35023200
3/25/2002,104.190002,105.120003,102.800003,103.709999,66.193336,20439900
4/1/2002,103.360001,103.900002,101.449997,102.940002,65.70192,33971500
4/8/2002,101.300003,104.129997,101.099998,101.989998,65.095497,30073100
4/15/2002,102.220001,103.419998,100.620003,102.599998,65.484894,18391400
4/22/2002,102.199997,103,98.75,98.839996,63.139538,20152100
4/29/2002,99.349998,101.349998,98.129997,99.959999,63.85498,24130600
5/6/2002,99.959999,101.68,97.959999,99.489998,63.554745,23247100
5/13/2002,99.919998,103.730003,99.330002,103.43,66.071632,16891500
5/20/2002,103.080002,103.18,100.720001,101.019997,64.61792,12236200
5/27/2002,101.339996,101.349998,98.209999,99.25,63.485764,15399700
6/3/2002,99.279999,100.110001,94.870003,96.220001,61.547619,25743100
6/10/2002,96.25,97.849998,92.559998,95,60.767204,23923000
6/17/2002,95.550003,98,92.150002,92.82,59.372749,23499500
6/24/2002,92.010002,94.239998,89.050003,92.529999,59.295216,34122200
7/1/2002,92.669998,94.169998,89.099998,94.169998,60.346157,23178400
7/8/2002,93.650002,94.190002,86.110001,86.650002,55.527191,36800000
7/15/2002,86.410004,87.5,79.599998,80,51.26569,65322700
7/22/2002,79.370003,83.199997,75.279999,82.849998,53.18277,101524700
7/29/2002,84.400002,87.75,82.029999,83.199997,53.407433,66439900
8/5/2002,82.900002,88.239998,80.300003,87.599998,56.231842,60535700
8/12/2002,86.379997,88.949997,83.699997,87.730003,56.315304,60209700
8/19/2002,87.529999,91,87.5,88.720001,57.021828,48784300
8/26/2002,88.989998,90.440002,85.059998,86.519997,55.607853,44151900
9/2/2002,85.519997,85.660004,82.150002,84.519997,54.322403,46412100
9/9/2002,83.879997,87.989998,82.699997,83.529999,53.686123,40679300
9/16/2002,83.050003,85.290001,79.199997,79.669998,51.205238,52909100
9/23/2002,79.019997,80.269997,76.599998,76.849998,49.509003,58093600
9/30/2002,76.050003,80.050003,74.599998,75.959999,48.935646,77305100
10/7/2002,75.230003,79.209999,72.029999,78.989998,50.887665,100134700
10/14/2002,77.949997,83.790001,77.580002,83.099998,53.535469,71165800
10/21/2002,82.5,85.889999,82.339996,84.629997,54.590332,61199800
10/28/2002,85.559998,85.800003,81.849998,85.300003,55.022522,52447800
11/4/2002,86.580002,88.150002,85.139999,85.279999,55.009567,59633000
11/11/2002,85.150002,85.980003,83.18,85.849998,55.377235,49356500
11/18/2002,86.5,88.989998,84.150002,88.190002,57.023823,37355200
11/25/2002,88.18,89.800003,86.849998,88.900002,57.482925,23532900
12/2/2002,90.400002,90.660004,85.099998,86.830002,56.144447,42270200
12/9/2002,85.970001,86.5,84.370003,84.370003,54.553818,29142000
12/16/2002,84.93,86.699997,83.559998,85.349998,55.187508,28527600
12/23/2002,84.82,85.989998,82.900002,82.959999,53.776539,15075500
12/30/2002,83.300003,86.540001,82.480003,86.360001,55.980495,23608600
1/6/2003,86.300003,88.379997,85.910004,87.989998,57.037064,38160900
1/13/2003,88.510002,88.879997,85.669998,86.110001,55.818459,29082900
1/20/2003,86.349998,86.400002,81.18,81.400002,52.800983,33975000
1/27/2003,80.800003,81.800003,79.139999,80.839996,52.437721,50449800
2/3/2003,80.970001,81.690002,78.400002,78.849998,51.146908,37976600
2/10/2003,78.959999,80.019997,76.519997,79.599998,51.633434,41242100
2/17/2003,80,81.050003,78.550003,80.239998,52.048512,26786900
2/24/2003,79.82,79.949997,77.220001,79.309998,51.606659,40239100
3/3/2003,79.68,79.93,75.779999,77.550003,50.461479,39834500
3/10/2003,76.75,79.550003,74.309998,78.959999,51.378941,51744800
3/17/2003,78.279999,85.360001,77.860001,85.129997,55.393776,67418700
3/24/2003,83.449997,83.639999,81.169998,81.57,53.143703,53154500
3/31/2003,80.400002,83.849998,79.379997,82.889999,54.003727,52114000
4/7/2003,84.910004,85.400002,81.559998,82.199997,53.554226,45408700
4/14/2003,82.389999,84.650002,82.25,83.480003,54.388153,31811300
4/21/2003,83.660004,85.419998,82.709999,83.160004,54.2505,38490500
4/28/2003,83.43,86.029999,83.190002,85.809998,55.979294,50834600
5/5/2003,86,86.580002,84.870003,86.169998,56.21413,42140200
5/12/2003,85.949997,87.699997,85.809998,86.989998,56.749062,37720300
5/19/2003,86.279999,87.150002,84.25,86.230003,56.339066,40525800
5/26/2003,85.720001,88.980003,85.599998,88.839996,58.044327,32865900
6/2/2003,89.410004,92.489998,88.800003,90.870003,59.370644,44729800
6/9/2003,90.410004,92.699997,89.699997,91.580002,59.834553,37500400
6/16/2003,91.980003,93.949997,91.800003,91.839996,60.00441,41547400
6/23/2003,91.839996,91.889999,89.779999,89.870003,58.872597,44869300
6/30/2003,90.370003,91.68,88.849998,90.699997,59.416298,21235100
7/7/2003,91.599998,92.800003,90.110001,91.389999,59.868328,31105700
7/14/2003,92.57,93,90.389999,91.830002,60.156567,34484300
7/21/2003,91.809998,92.970001,90.449997,92.910004,60.950066,38260800
7/28/2003,93.059998,93.769997,91.5,91.790001,60.215302,33920600
8/4/2003,91.599998,92.239998,90.029999,92.190002,60.47773,33850000
8/11/2003,92.050003,93.650002,91.599998,93.330002,61.225605,29162500
8/18/2003,93.720001,95.239998,93.540001,93.709999,61.556816,30839800
8/25/2003,93.519997,94.449997,92.550003,94.410004,62.016666,22660200
9/1/2003,94.260002,96.489998,94.07,95.379997,62.653885,23733700
9/8/2003,95.669998,96.239998,94.099998,95.050003,62.43713,27050700
9/15/2003,95.129997,96.989998,94.25,96.470001,63.369881,23946100
9/22/2003,95.720001,96.089996,93.129997,93.300003,61.411644,31564200
9/29/2003,93.510002,96.860001,92.419998,95.919998,63.136143,34870100
10/6/2003,96.010002,97.900002,95.550003,97.290001,64.037971,23913400
10/13/2003,97.5,98.830002,97.139999,97.300003,64.044533,28055400
10/20/2003,97.550003,98,95.099998,96.18,63.387444,29302200
10/27/2003,96.449997,98.599998,96.059998,98.029999,64.606651,26154800
11/3/2003,98.449997,99.349998,97.949997,98.110001,64.65937,24968800
11/10/2003,98.339996,99.309998,97.43,97.970001,64.567085,24280000
11/17/2003,97.459999,97.900002,95.919998,96.489998,63.59174,26172900
11/24/2003,96.790001,98.160004,96.769997,98.080002,64.847824,15385500
12/1/2003,98.330002,99.589996,98.330002,98.800003,65.323845,27330800
12/8/2003,98.730003,100.769997,98.730003,100.629997,66.533806,33204800
12/15/2003,101.699997,103.07,100.199997,102.739998,67.928894,39724900
12/22/2003,102.610001,103.870003,102.610001,103.269997,68.377083,19913200
12/29/2003,103.629997,105.470001,103.580002,104.370003,69.105438,25957500
1/5/2004,104.839996,106.059998,104.620003,104.690002,69.317276,38397900
1/12/2004,104.809998,106.160004,103.800003,106.120003,70.264099,41696700
1/19/2004,106.400002,106.75,105.029999,105.860001,70.137672,30776600
1/26/2004,105.779999,107.230003,104.349998,105.080002,69.620842,41308000
2/2/2004,105.199997,106.150002,104.529999,106.010002,70.237007,31229500
2/9/2004,106.059998,107.779999,105.800003,106.699997,70.694176,21910700
2/16/2004,107.239998,107.919998,105.940002,106.419998,70.508675,22768900
2/23/2004,106.650002,106.68,105.330002,106.07,70.453072,29566400
3/1/2004,106.449997,107.089996,105.389999,106.199997,70.539406,29131400
3/8/2004,106.260002,106.540001,101.389999,102.5,68.081841,45264000
3/15/2004,102.339996,103.550003,101.129997,101.940002,67.709915,42585900
3/22/2004,101.300003,102.849998,100.120003,102.199997,67.960213,39451600
3/29/2004,102.900002,105.239998,102.860001,104.959999,69.795517,33684900
4/5/2004,104.940002,105.949997,104.099998,104.690002,69.615974,18003100
4/12/2004,104.879997,105.790001,103.330002,104.660004,69.596046,31931800
4/19/2004,104.419998,105.169998,102.599998,104.919998,69.80854,32536800
4/26/2004,104.93,105.589996,102.349998,102.349998,68.098564,36360400
5/3/2004,102.669998,104.139999,101.150002,101.150002,67.300179,35232700
5/10/2004,100.610001,101.080002,98.809998,100.449997,66.834442,62576800
5/17/2004,99.5,101.400002,98.989998,99.800003,66.401978,36717700
5/24/2004,100.419998,102.370003,99.260002,102.18,68.188675,32993300
5/31/2004,101.910004,103.199997,101.459999,102.660004,68.508965,23053600
6/7/2004,103.169998,104.489998,103.120003,104.25,69.57003,19813400
6/14/2004,103.970001,104.529999,103.300003,104.220001,69.550087,22168800
6/21/2004,104.25,105.050003,103.169998,104.050003,69.500084,21274500
6/28/2004,104.57,104.889999,102.800003,103.029999,68.818779,33747800
7/5/2004,102.709999,102.919998,101.860001,102.370003,68.37796,23653000
7/12/2004,102.300003,103.089996,101.459999,101.699997,67.930435,26921400
7/19/2004,101.610001,102.550003,99.5,99.82,66.730537,42762500
7/26/2004,100.07,101.889999,99.309998,101.75,68.020721,36957800
8/2/2004,101.279999,102.230003,98.150002,98.370003,65.761154,34876600
8/9/2004,98.43,99.860001,98.169998,98.699997,65.981766,30258900
8/16/2004,98.669998,101.440002,98.660004,101.25,67.68644,28686600
8/23/2004,101.269997,102.25,100.730003,102.160004,68.495186,21709900
8/30/2004,101.940002,103.389999,100.900002,102.860001,68.964478,24332700
9/6/2004,103.25,103.82,102.559998,103.230003,69.212563,19247000
9/13/2004,103.459999,103.720001,102.519997,103.010002,69.065063,25101700
9/20/2004,102.559998,102.879997,100.400002,100.720001,67.602097,35158000
9/27/2004,100.379997,102.190002,99.910004,102.160004,68.568588,34786200
10/4/2004,102.650002,102.879997,100.589996,100.699997,67.588646,29965400
10/11/2004,100.959999,101.470001,99,99.470001,66.763107,32287500
10/18/2004,99.040001,100.370003,97.669998,97.760002,65.615372,52888600
10/25/2004,97.519997,100.650002,97.269997,100.379997,67.432152,40758800
11/1/2004,100.489998,104.43,100.290001,104.220001,70.011795,41499900
11/8/2004,104.029999,105.760002,103.82,105.650002,70.97242,26812100
11/15/2004,105.540001,106.260002,104.290001,104.57,70.246849,31229000
11/22/2004,104.370003,105.349998,104.230003,104.919998,70.854347,23881100
11/29/2004,105.370003,106.389999,104.019997,105.690002,71.374344,40652100
12/6/2004,105.68,105.75,104.160004,105.5,71.245979,33069900
12/13/2004,105.900002,107.290001,105.529999,106.529999,71.941605,39345200
12/20/2004,106.760002,108.550003,106.349998,108.150002,73.148262,24122600
12/27/2004,108.43,108.559998,107.470001,107.510002,72.715401,20145600
1/3/2005,108.150002,108.589996,105.629997,105.839996,71.585854,49999500
1/10/2005,105.839996,106.629997,104.809998,105.440002,71.315277,37851500
1/17/2005,105.25,106.290001,103.779999,103.839996,70.233078,29732500
1/24/2005,104.110001,105.25,103.620003,104.440002,70.705124,43665400
1/31/2005,104.980003,107.209999,104.480003,107,72.438187,26026300
2/7/2005,106.93,108.389999,106.629997,108.089996,73.176147,26145300
2/14/2005,108.010002,108.68,107.199997,107.809998,72.986534,23339200
2/21/2005,107.330002,108.419998,105.989998,108.360001,73.5214,27525800
2/28/2005,108.110001,109.610001,107.260002,109.540001,74.321991,33930100
3/7/2005,109.389999,109.830002,107.650002,107.839996,73.16851,25423000
3/14/2005,107.949997,108.480003,105.440002,105.959999,71.892998,29021900
3/21/2005,106.040001,106.120003,104.209999,104.440002,70.973846,26715300
3/28/2005,104.599998,105.620003,103.739998,104.050003,70.708839,33393800
4/4/2005,104.080002,105.580002,103.459999,104.540001,71.041847,27991700
4/11/2005,104.790001,105.300003,100.620003,100.699997,68.432289,43365500
4/18/2005,100.620003,102.290001,99.889999,101.830002,69.250259,46126400
4/25/2005,102.050003,102.620003,100.440002,101.879997,69.284203,38376100
5/2/2005,102.239998,104.080002,101.860001,103.43,70.338356,35488900
5/9/2005,103.459999,103.879997,100.860001,101.669998,69.141449,35846600
5/16/2005,101.620003,105.199997,101.589996,104.629997,71.154358,31670600
5/23/2005,104.629997,105.5,104.160004,105.370003,71.88665,22391600
5/30/2005,105.32,105.830002,104.379997,104.720001,71.443222,22018000
6/6/2005,104.660004,105.739998,104.25,105.169998,71.750252,24894100
6/13/2005,104.959999,106.510002,104.760002,106.040001,72.343765,29228200
6/20/2005,105.68,106.330002,102.779999,102.860001,70.25,33716800
6/27/2005,102.839996,104.25,102.440002,103.120003,70.427544,37132800
7/4/2005,102.849998,104.629997,101.730003,104.559998,71.411018,35958600
7/11/2005,104.629997,106.57,104.629997,106.290001,72.592514,35922600
7/18/2005,106.050003,106.989998,105.660004,106.480003,72.786583,30291400
7/25/2005,106.519997,107.160004,105.639999,106.629997,72.889137,30599200
8/1/2005,106.720001,107.040001,105.540001,105.650002,72.219261,24743900
8/8/2005,105.940002,107.330002,105.25,106.010002,72.465378,31632200
8/15/2005,106.059998,106.699997,105.230003,105.730003,72.273933,28610200
8/22/2005,105.870003,106.379997,103.790001,103.900002,71.231079,33971600
8/29/2005,103.5,105.190002,103.449997,104.599998,71.710922,43890900
9/5/2005,104.980003,106.93,104.919998,106.760002,73.191803,31371000
9/12/2005,106.699997,107.010002,105.260002,106.230003,72.828545,31696500
9/19/2005,106.120003,106.150002,103.440002,104.099998,71.473061,43224300
9/26/2005,104.650002,105.790001,104.019997,105.75,72.605965,34304600
10/3/2005,105.739998,106.010002,102.190002,102.970001,70.697281,38809800
10/10/2005,103.18,103.239998,101.580002,102.830002,70.601097,46844800
10/17/2005,103.07,104.379997,101.870003,102.139999,70.127388,48630100
10/24/2005,102.540001,104.260002,102.199997,103.839996,71.39045,39381100
10/31/2005,104.239998,105.589996,103.760002,105.190002,72.318512,27587200
11/7/2005,105.489998,107.110001,105.169998,107.019997,73.576706,21680900
11/14/2005,106.959999,107.699997,106.730003,107.529999,73.92733,31252200
11/21/2005,107.760002,109.5,107.529999,109.330002,75.359909,19356200
11/28/2005,109.419998,109.589996,108.07,108.82,75.0084,30863400
12/5/2005,108.589996,109.279999,107.349998,107.739998,74.263908,30945400
12/12/2005,108.099998,109.5,107.419998,108.510002,74.794701,32905700
12/19/2005,108.800003,109.050003,107.699997,108.75,75.128708,24718400
12/26/2005,108.940002,109.25,106.82,106.949997,73.88517,20784800
1/2/2006,107.440002,109.699997,106.739998,109.519997,75.660645,29467800
1/9/2006,109.5,110.459999,109.190002,109.540001,75.674469,31243900
1/16/2006,109.150002,109.269997,106.449997,106.470001,73.553551,29913200
1/23/2006,106.639999,109.269997,106.559998,109.110001,75.46064,40427100
1/30/2006,109.089996,109.620003,107.739998,107.790001,74.547768,29559500
2/6/2006,107.949997,109.559998,107.32,109.129997,75.474518,35571500
2/13/2006,109.059998,111.290001,108.559998,111.019997,76.781693,43231200
2/20/2006,111.199997,111.519997,110.089996,110.760002,76.742538,29019600
2/27/2006,110.779999,111.330002,109.779999,110.07,76.264404,25265800
3/6/2006,110.139999,111.040001,109.269997,110.849998,76.804848,32515600
3/13/2006,111.040001,112.959999,110.669998,112.699997,78.086655,28584600
3/20/2006,112.720001,113.269997,112.089996,112.75,78.294189,34238900
3/27/2006,112.540001,112.720001,110.970001,111.309998,77.294243,34697100
4/3/2006,111.639999,112.699997,111.089996,111.239998,77.245667,34281300
4/10/2006,111.43,111.860001,110.510002,111.279999,77.273422,21383800
4/17/2006,111.309998,113.980003,110.360001,113.400002,78.745522,39452700
4/24/2006,113.25,114.099998,112.5,113.879997,79.163261,38049300
5/1/2006,113.949997,115.830002,113.190002,115.629997,80.379776,27456500
5/8/2006,115.629997,116.800003,113.82,113.870003,79.156281,35356300
5/15/2006,113.519997,114.720001,110.629997,111.470001,77.487953,64394500
5/22/2006,110.709999,112.809998,110.190002,112.779999,78.595383,55316600
5/29/2006,112.290001,112.849998,110.800003,112.360001,78.302704,27966600
6/5/2006,112.160004,112.220001,107.519997,108.830002,75.842697,67444400
6/12/2006,109.190002,110.459999,106.949997,109.980003,76.644142,49457800
6/19/2006,110.300003,111.25,108.959999,109.970001,76.751251,34986500
6/26/2006,109.940002,112.279999,108.970001,111.790001,78.021439,26866300
7/3/2006,111.949997,112.559998,110.690002,110.959999,77.442139,21099400
7/10/2006,111.339996,111.779999,107.010002,107.32,74.901718,38791900
7/17/2006,107.379997,110.449997,106.889999,108.559998,75.767159,48043300
7/24/2006,109,112.330002,109,112.07,78.323524,44396500
7/31/2006,111.800003,113.370003,110.75,112.480003,78.610046,27154600
8/7/2006,112.139999,112.760002,110.5,111.050003,77.610672,33988200
8/14/2006,111.620003,113.879997,110.889999,113.800003,79.532547,29269100
8/21/2006,113.43,113.75,112.519997,112.839996,79.03302,23629400
8/28/2006,112.739998,114.769997,112.730003,114.699997,80.335747,21529200
9/4/2006,114.620003,114.900002,113.230003,113.870003,79.754463,19702900
9/11/2006,113.650002,116.029999,113.419998,115.589996,80.959122,31320800
9/18/2006,115.389999,116.220001,114.669998,115.010002,80.697495,39072000
9/25/2006,115.190002,117.330002,114.769997,116.739998,81.911354,45100300
10/2/2006,116.75,118.709999,116.440002,118.519997,83.160286,41507700
10/9/2006,118.32,119.68,117.910004,119.639999,83.946144,29292000
10/16/2006,119.57,120.489998,118.870003,119.93,84.14962,39872500
10/23/2006,119.720001,121.550003,119.699997,120.860001,84.906059,40860000
10/30/2006,120.599998,121.110001,119.599998,119.779999,84.1474,35435300
11/6/2006,120.059998,121.959999,120.019997,121.110001,85.081688,35893900
11/13/2006,121.120003,123.449997,120.980003,123.260002,86.592125,34966500
11/20/2006,123.099998,123.510002,122.529999,122.68,86.408089,17892100
11/27/2006,122.699997,122.769997,120.68,122.050003,85.964363,54386800
12/4/2006,122.040001,123.650002,122,123,86.633469,30865400
12/11/2006,123.110001,124.589996,122.540001,124.150002,87.443481,33547400
12/18/2006,124.309998,124.720001,123.18,123.18,86.991333,30462500
12/25/2006,123.169998,125.139999,123.169998,124.410004,87.860001,21418200
1/1/2007,125.160004,125.68,123.519997,123.739998,87.38678,31232700
1/8/2007,123.870003,125.660004,123.25,125.660004,88.742783,37955000
1/15/2007,125.540001,126.099998,125.18,125.550003,88.665039,37191200
1/22/2007,125.480003,126.120003,124.209999,124.769997,88.170387,45393000
1/29/2007,124.830002,126.830002,124.639999,126.529999,89.414124,38779700
2/5/2007,126.440002,127.059998,125.480003,125.879997,88.954849,30700900
2/12/2007,125.879997,127.900002,125.389999,127.57,90.149033,34911000
2/19/2007,127.449997,127.849998,126.269997,126.410004,89.490517,24053300
2/26/2007,126.860001,127,120.050003,120.959999,85.632202,101716700
3/5/2007,120.400002,123.349998,120.279999,122.989998,87.069305,48502500
3/12/2007,122.690002,123.529999,119.5,121.050003,85.695885,59335400
3/19/2007,121.559998,125.010002,121.5,124.690002,88.474022,35719400
3/26/2007,124.75,124.75,122.330002,123.589996,87.693466,48467700
4/2/2007,123.57,125.699997,123.110001,125.459999,89.020386,22449400
4/9/2007,125.720001,126.150002,124.260002,126.150002,89.509964,30368600
4/16/2007,126.470001,129.570007,126.449997,129.570007,91.936577,44022600
4/23/2007,129.389999,131.369995,128.899994,131.229996,93.19149,47985200
4/30/2007,131.169998,132.800003,130.309998,132.740005,94.263855,60908500
5/7/2007,132.809998,133.770004,132.210007,133.559998,94.846123,54575200
5/14/2007,133.610001,135.5,133.089996,135.5,96.22374,69029200
5/21/2007,135.389999,136.330002,134.149994,134.889999,96.042625,73243000
5/28/2007,135.169998,136.839996,134.419998,136.610001,97.267311,45223400
6/4/2007,136.229996,136.809998,132.369995,134.100006,95.480103,80997500
6/11/2007,134.070007,136.850006,132.919998,136.190002,96.968208,71118400
6/18/2007,136.490005,136.619995,133.539993,133.970001,95.506477,86906000
6/25/2007,133.809998,135.119995,132.529999,134.199997,95.670471,95169700
7/2/2007,134.419998,136.309998,134.380005,136.130005,97.046341,33993100
7/9/2007,136.389999,139.300003,134.75,138.910004,99.028236,61035700
7/16/2007,138.979996,140.460007,137.880005,138.539993,98.764412,73750900
7/23/2007,139.110001,139.619995,131.139999,132.110001,94.291008,134212000
7/30/2007,132.919998,135,131.199997,132.190002,94.34819,144982200
8/6/2007,132.399994,136.960007,130.639999,131.940002,94.169724,160609200
8/13/2007,133.240005,133.440002,125.309998,130.550003,93.177635,152770000
8/20/2007,130.949997,133.75,129.699997,133.639999,95.593971,67820400
8/27/2007,133.350006,134.25,130.309998,133.399994,95.422318,56078600
9/3/2007,133.220001,134.889999,130.830002,131.520004,94.077545,51163100
9/10/2007,131.839996,134.779999,130.240005,134.460007,96.180534,55953000
9/17/2007,134.119995,139.309998,133.690002,137.899994,98.641197,58591900
9/24/2007,138.360001,139.130005,136.830002,138.910004,99.535049,50393300
10/1/2007,138.960007,141.210007,138.960007,140.679993,100.80323,47380500
10/8/2007,140.559998,141.949997,139.460007,141.119995,101.118591,53501500
10/15/2007,141.080002,141.110001,134.929993,134.929993,96.683151,91285500
10/22/2007,134.059998,138.059998,133.919998,137.949997,98.956192,78849200
10/29/2007,138.279999,139.529999,134.380005,136.050003,97.593277,82862000
11/5/2007,134.839996,136.619995,130.179993,130.309998,93.475731,102517000
11/12/2007,130.350006,133.990005,129.740005,131.440002,94.286339,90634600
11/19/2007,131.020004,131.660004,127.790001,129.419998,93.105019,76705600
11/26/2007,129.699997,134.699997,127.25,134.160004,96.51503,87387300
12/3/2007,133.690002,136.770004,132.360001,136.389999,98.119293,53483200
12/10/2007,136.779999,137.899994,133.330002,133.449997,96.004189,70088700
12/17/2007,132.990005,134.649994,131.059998,134.339996,96.64444,62629500
12/24/2007,134.789993,135.5,132.820007,133.410004,96.20813,25345600
12/31/2007,133.130005,133.240005,127.82,128.169998,92.429367,44503300
1/7/2008,128.539993,129.320007,125.010002,126.190002,91.001488,112840000
1/14/2008,127.279999,127.919998,120.120003,120.57,86.948639,119783100
1/21/2008,116.309998,124.709999,115.800003,122.190002,88.218315,121300700
1/28/2008,122.019997,127.610001,121,127.43,92.001495,99859100
2/4/2008,127.209999,127.260002,121.080002,121.75,87.900688,78900100
2/11/2008,121.690002,125.849998,120.760002,123.330002,89.041389,63650000
2/18/2008,124.730003,124.980003,121.559998,123.800003,89.5504,52292100
2/25/2008,123.720001,127.57,122.279999,123.010002,88.978943,66094600
3/3/2008,122.470001,123.589996,118.300003,118.93,86.027687,80451900
3/10/2008,119.290001,123.209999,117.459999,120.019997,86.816185,104522200
3/17/2008,117.68,124.82,117.650002,123.110001,89.051292,83614700
3/24/2008,124.050003,126.099998,121.870003,122.230003,88.630775,68485600
3/31/2008,121.900002,126.870003,121.68,126.099998,91.436951,70537700
4/7/2008,126.760002,127.220001,123.010002,123.339996,89.435661,71904600
4/14/2008,123.32,128.830002,122.699997,127.860001,92.713127,71219400
4/21/2008,127.739998,129.309998,126.440002,128.800003,93.509949,58305300
4/28/2008,128.880005,131.289993,127.690002,130.729996,94.911133,63862200
5/5/2008,130.380005,130.5,127.199997,127.5,92.566139,54431800
5/12/2008,127.82,130.199997,127.529999,129.600006,94.090729,48079400
5/19/2008,129.710007,131.259995,124.57,124.610001,90.696732,61483900
5/26/2008,124.870003,127.230003,124.370003,126.129997,91.803055,38497200
6/2/2008,125.980003,126.25,121.959999,122.120003,88.884384,82789600
6/9/2008,122.389999,123.809998,120.93,123.099998,89.597618,83521000
6/16/2008,122.529999,123.43,118.089996,118.239998,86.060295,87452200
6/23/2008,118.620003,119.129997,112.860001,113.459999,82.765816,106053800
6/30/2008,113.480003,114.269997,111.480003,113.050003,82.466736,98764300
7/7/2008,113.169998,114.199997,109.779999,111,80.971283,152184000
7/14/2008,112.169998,115.099998,108.32,114.949997,83.852745,155583300
7/21/2008,115.410004,116.879997,113.150002,113.169998,82.673721,107704900
7/28/2008,113.269997,115.93,111.169998,113.120003,82.63723,103066800
8/4/2008,113.139999,117.639999,112.129997,116.949997,85.435143,106157400
8/11/2008,117.029999,118.730003,114.68,116.529999,85.128357,114545000
8/18/2008,116.860001,116.889999,112.889999,116.32,85.155609,99186500
8/25/2008,115.669998,117.18,113.459999,115.449997,84.5187,81625400
9/1/2008,116.959999,118.010002,110.57,112.349998,82.24926,108709000
9/8/2008,115.529999,115.980003,111.220001,114.790001,84.035522,176465700
9/15/2008,111.150002,116.139999,104.860001,113.57,83.142372,234793400
9/22/2008,113.82,113.980003,107.459999,111.150002,81.618652,117789500
9/29/2008,109.830002,109.989998,103.089996,103.199997,75.780899,133505200
10/6/2008,100.860001,101.440002,78.940002,83.75,61.498524,260404200
10/13/2008,88.040001,98.800003,82.080002,87.540001,64.281593,243317600
10/20/2008,89.480003,93.279999,80.150002,83.089996,61.119987,207437000
10/27/2008,82.580002,94.529999,80.260002,93.5,68.777451,223426400
11/3/2008,93.139999,96.5,86.480003,90.129997,66.298538,147170000
11/10/2008,91.669998,91.75,79.849998,84.220001,61.951241,200522100
11/17/2008,83.980003,85.980003,74.5,80.540001,59.244244,299738100
11/24/2008,81.959999,88.360001,81.029999,88.300003,65.24662,129768200
12/1/2008,86.300003,86.980003,81.309998,86.589996,63.983055,191090400
12/8/2008,88.32,90.389999,83.230003,86.360001,63.813122,171017500
12/15/2008,86.949997,89.800003,84.849998,85.360001,63.074215,121305800
12/22/2008,85.800003,85.93,83.589996,85.07,63.054146,47018900
12/29/2008,85.269997,90.620003,83.589996,90.199997,66.856537,71414700
1/5/2009,89.870003,90.900002,85.839996,86.139999,63.847233,144171800
1/12/2009,85.769997,86.019997,80.040001,82.690002,61.290073,173148900
1/19/2009,82.209999,82.410004,79.050003,80.519997,59.784248,156577100
1/26/2009,80.860001,84.040001,79.599998,80.080002,59.457531,120348300
2/2/2009,79.139999,83.269997,78.5,82.860001,61.521618,144454300
2/9/2009,82.800003,83.290001,77.150002,78.550003,58.321552,172377200
2/16/2009,76.599998,77.059998,72.480003,73.730003,54.742794,149802700
2/23/2009,74.239998,74.410004,70.370003,70.760002,52.794491,184320100
3/2/2009,69.650002,69.879997,64.779999,66.5,49.616066,170614400
3/9/2009,65.510002,72.589996,65.25,72.32,53.95842,124771900
3/16/2009,72.970001,75.889999,71.860001,72.739998,54.271786,129262900
3/23/2009,74.550003,79.300003,74.169998,77.809998,58.19352,125751300
3/30/2009,76.089996,80.760002,74.370003,80.160004,59.951054,130209700
4/6/2009,79.459999,80.919998,77.57,80.889999,60.497013,70167100
4/13/2009,80.029999,81.849998,78.739998,81.309998,60.811172,85207000
4/20/2009,80.050003,81.269997,77.809998,80.730003,60.477123,92342400
4/27/2009,79.769997,83.059998,79.370003,82.160004,61.548367,81977700
5/4/2009,82.739998,85.970001,82.599998,85.720001,64.215248,82508700
5/11/2009,84.760002,85.279999,82.279999,82.779999,62.012787,86005700
5/18/2009,83.580002,85.970001,82.300003,82.870003,62.26392,78933500
5/25/2009,82.269997,85.760002,82.269997,85.389999,64.157318,60400200
6/1/2009,86.279999,88.550003,86.050003,87.910004,66.050682,61591000
6/8/2009,87.220001,89.019997,86.5,88.309998,66.351212,105562400
6/15/2009,87.230003,87.279999,84.830002,85.309998,64.097176,67590000
6/22/2009,84.580002,84.900002,82.57,84.269997,63.525757,69789400
6/29/2009,84.510002,85.830002,82.949997,82.989998,62.560863,46611300
7/6/2009,82.209999,83.309998,80.959999,81.440002,61.392426,73011500
7/13/2009,81.690002,87.540001,81.389999,87.459999,65.930473,57172700
7/20/2009,87.879997,91.029999,87.540001,90.970001,68.675659,67014000
7/27/2009,90.860001,92.480003,90.080002,91.669998,69.204109,51619700
8/3/2009,92.470001,94.5,91.970001,93.790001,70.804527,55873900
8/10/2009,93.489998,94.419998,92.300003,93.410004,70.517708,56998600
8/17/2009,91.870003,95.209999,91.400002,95.029999,71.740692,55094100
8/24/2009,95.43,96.82,94.599998,95.580002,72.409882,59379300
8/31/2009,94.709999,95.660004,92.629997,94.449997,71.55378,54132600
9/7/2009,95.199997,96.629997,94.620003,96.220001,72.894661,44784300
9/14/2009,95.440002,98.720001,95.400002,98.110001,74.326591,56401100
9/21/2009,97.559998,99.160004,96.379997,96.739998,73.419701,59169900
9/28/2009,97.010002,98.360001,94.199997,94.860001,71.992897,61142200
10/5/2009,95.07,98.720001,94.800003,98.690002,74.899643,47417600
10/12/2009,99,100.669998,98.220001,99.989998,75.88623,41480500
10/19/2009,100.110001,101.199997,99.199997,99.830002,75.835663,58690600
10/26/2009,99.900002,100.769997,96.870003,97.059998,73.731422,90484100
11/2/2009,97.400002,100.599998,96.82,100.370003,76.245895,69873500
11/9/2009,101.07,103.620003,100.910004,102.910004,78.175331,55096000
11/16/2009,103.400002,104.639999,102.720001,103.25,78.433647,48088700
11/23/2009,104.199997,104.980003,102.230003,103.18,78.636909,39106700
11/30/2009,103.110001,105.269997,102.709999,103.989998,79.254272,55511200
12/7/2009,103.830002,105.040001,101.75,104.919998,79.962997,44768000
12/14/2009,105.32,105.379997,102.43,103.139999,78.606407,39750800
12/21/2009,103.559998,105.040001,103.519997,105,80.334816,21252600
12/28/2009,105.199997,105.639999,104.029999,104.07,79.623245,19906100
1/4/2010,104.839996,106.110001,104.760002,106.110001,81.184082,33547700
1/11/2010,106.400002,107.150002,105.540001,106.010002,81.107544,45414600
1/18/2010,105.900002,107.230003,101.550003,101.629997,77.756432,69634700
1/25/2010,102.389999,103.059998,100.410004,100.550003,76.930168,80758400
2/1/2010,101.209999,103.099998,98.360001,100.160004,76.63176,70797400
2/8/2010,100,101.75,99.120003,101.269997,77.481041,64946800
2/15/2010,102.010002,104.389999,101.589996,103.989998,79.562065,35745900
2/22/2010,104.379997,104.379997,101.919998,103.300003,79.235664,42768100
3/1/2010,103.669998,105.769997,103.580002,105.760002,81.122673,30305700
3/8/2010,105.720001,106.68,105.239998,106.419998,81.628929,39605100
3/15/2010,106.300003,108.169998,105.870003,107.339996,82.334579,40162200
3/22/2010,106.949997,109.529999,106.919998,108.43,83.330475,43403300
3/29/2010,108.790001,109.580002,108.32,109.279999,83.983658,29220200
4/5/2010,109.589996,110.080002,108.5,110.059998,84.583145,34316800
4/12/2010,110.139999,111.620003,109.529999,110.18,84.675346,49225600
4/19/2010,109.860001,112.040001,109.739998,111.959999,86.113571,52318500
4/26/2010,112.110001,112.580002,109.690002,110.099998,84.682953,64812100
5/3/2010,110.57,111.82,99.160004,103.779999,79.821991,115447900
5/10/2010,107.57,109.459999,105.620003,106.510002,81.921715,79002400
5/17/2010,106.690002,107.510002,99.019997,101.839996,78.329803,120429300
5/24/2010,101.370003,102.730003,97.75,101.470001,78.340439,97979600
5/31/2010,100.669998,103.260002,99,99.440002,76.77317,63792900
6/7/2010,99.660004,102.349998,97.699997,102.309998,78.988983,77749900
6/14/2010,102.989998,104.839996,102.040001,104.489998,80.672058,44633700
6/21/2010,105.730003,105.959999,100.830002,101.720001,78.676453,59432500
6/28/2010,101.690002,102.050003,96.169998,96.870003,74.925117,66687700
7/5/2010,97.989998,102.129997,96.610001,102.110001,78.978065,39340600
7/12/2010,101.849998,104.18,100.830002,101.010002,78.127228,48425500
7/19/2010,101.410004,104.5,100.040001,104.269997,80.72113,51073700
7/26/2010,104.410004,105.93,103.540001,104.699997,81.054001,49733200
8/2/2010,106.080002,107.150002,105.309998,106.690002,82.594589,30738700
8/9/2010,107,107.370003,102.779999,103.349998,80.008881,42698500
8/16/2010,102.809998,105.120003,101.470001,102.139999,79.072144,35056600
8/23/2010,102.540001,103.050003,99.370003,101.580002,78.932747,43518500
8/30/2010,101.230003,104.629997,99.519997,104.580002,81.263908,33828600
9/6/2010,104.160004,105,103.410004,104.779999,81.419334,17866900
9/13/2010,105.650002,106.489998,104.980003,106.07,82.421692,27623800
9/20/2010,106.400002,108.660004,106.199997,108.57,84.516335,32115100
9/27/2010,108.57,109.519997,107.300003,108.32,84.321739,35801600
10/4/2010,108.160004,110.410004,107.07,110.160004,85.75412,29365500
10/11/2010,110.290001,111.639999,109.209999,110.68,86.158875,34171500
10/18/2010,110.68,112.209999,109.169998,111.360001,86.760887,31625100
10/25/2010,111.900002,112.550003,110.260002,111.309998,86.721924,30735600
11/1/2010,111.68,114.629997,110.669998,114.540001,89.238419,39312500
11/8/2010,114.139999,114.410004,111.650002,112.160004,87.384148,34090800
11/15/2010,112.32,113.029999,110.07,112.010002,87.267296,33287300
11/22/2010,111.550003,111.959999,109.900002,110.639999,86.478264,20048600
11/29/2010,110.260002,114.019997,109.400002,113.940002,89.057602,32105000
12/6/2010,113.779999,114.709999,113.449997,114.290001,89.331192,33848600
12/13/2010,114.669998,115.440002,114.419998,114.949997,89.847084,28551200
12/20/2010,115.139999,115.790001,114.379997,115.730003,90.663628,18591300
12/27/2010,115.360001,115.980003,115.040001,115.629997,90.585266,25823200
1/3/2011,116.410004,117.190002,115.82,116.57,91.5177,42863700
1/10/2011,116.160004,117.769997,115.559998,117.690002,92.396973,28487700
1/17/2011,117.760002,118.800003,117.330002,118.459999,93.001549,34344600
1/24/2011,118.360001,119.940002,117.760002,118.019997,92.769203,56476800
1/31/2011,118.25,120.690002,117.879997,120.690002,94.867928,32352500
2/7/2011,120.879997,122.760002,120.849998,122.650002,96.408585,35120600
2/14/2011,122.489998,123.639999,121.879997,123.599998,97.155312,25806000
2/21/2011,122.870003,123.279999,119.559998,121.139999,95.454147,42202500
2/28/2011,121.5,122.660004,120,121.470001,95.714226,41388600
3/7/2011,121.769997,122.459999,119.220001,120.419998,94.88681,50362500
3/14/2011,119.769997,120.110001,115.510002,118.269997,93.192741,57683500
3/21/2011,119.550003,122.330002,119.440002,121.959999,96.28521,32100100
3/28/2011,122.110001,123.949997,121.489998,123.459999,97.469398,22348300
4/4/2011,123.639999,124.360001,123.050003,123.650002,97.619469,31670700
4/11/2011,123.790001,124.279999,121.459999,123.190002,97.256256,24544900
4/18/2011,121.830002,124.809998,120.650002,124.790001,98.609444,25768200
4/25/2011,124.660004,128.119995,124.209999,128.039993,101.177551,39558900
5/2/2011,128.600006,128.630005,125,126.269997,99.778946,47710100
5/9/2011,126.239998,127.669998,125.370003,125.959999,99.533958,30819800
5/16/2011,125.57,126.480003,123.849998,124.849998,98.656822,45921600
5/23/2011,123.220001,124.650002,122.800003,124.230003,98.490875,24850200
5/30/2011,125.330002,125.550003,120.839996,121.32,96.183746,28565100
6/6/2011,121.099998,121.68,119.209999,119.370003,94.637794,26783400
6/13/2011,119.730003,121.139999,118.550003,119.739998,94.931114,46387000
6/20/2011,119.349998,121.910004,118.489998,119.199997,94.667717,30803600
6/27/2011,119.269997,125.720001,119.080002,125.580002,99.734673,27733200
7/4/2011,125.540001,127.370003,125.160004,126.389999,100.377983,25507300
7/11/2011,125.169998,125.940002,123.779999,124.559998,98.924599,41169300
7/18/2011,123.900002,127.300003,122.720001,126.599998,100.635513,28019900
7/25/2011,125.339996,126.339996,120.639999,121.129997,96.287338,43467700
8/1/2011,122.739998,122.959999,111.260002,114.25,90.818382,87688000
8/8/2011,111.269997,113.489998,105.940002,112.800003,89.665733,121696100
8/15/2011,113.779999,115.459999,107.769997,107.910004,85.778679,67204400
8/22/2011,110.18,113.779999,108.010002,112.699997,89.928558,56478500
8/29/2011,113.970001,117.029999,111.949997,112.279999,89.593452,43106200
9/5/2011,109.400002,114.68,109.18,109.82,87.630531,37803100
9/12/2011,108.370003,115.129997,108.150002,114.860001,91.652161,57510000
9/19/2011,113.099998,115.260002,105.720001,107.449997,85.89724,64532500
9/26/2011,108.410004,113.449997,107.480003,108.93,87.080391,59851400
10/3/2011,108.209999,112.209999,103.839996,111.019997,88.751198,60143700
10/10/2011,112.599998,116.349998,112.589996,116.339996,93.004074,33619100
10/17/2011,115.839996,117.879997,112.830002,117.849998,94.211136,56335100
10/24/2011,118.169998,122.580002,116.57,122.040001,97.717445,47366800
10/31/2011,120.75,120.919998,116.029999,119.599998,95.763771,55153600
11/7/2011,119.519997,121.75,117.239998,121.529999,97.309113,45394500
11/14/2011,121.330002,121.580002,116.790001,117.730003,94.266502,40292800
11/21/2011,116.110001,116.32,112.139999,112.139999,90.00824,38747000
11/28/2011,114.779999,121.400002,114.309998,120.059998,96.365158,34595100
12/5/2011,121.769997,122.57,119.639999,121.779999,97.745697,40969200
12/12/2011,120.910004,121.489998,117.889999,118.220001,94.888298,37135800
12/19/2011,118.650002,122.68,117.050003,122.629997,98.723755,29008700
12/26/2011,122.480003,123,121.129997,121.849998,98.095764,17617700
1/2/2012,123.940002,124.529999,122.589996,123.529999,99.448288,30967800
1/9/2012,123.690002,125,122.919998,124.160004,99.955498,28029900
1/16/2012,125.040001,126.959999,124.410004,126.959999,102.209625,26912500
1/23/2012,126.889999,128.130005,125.470001,126.449997,101.933983,31646200
1/30/2012,125.389999,128.490005,125,128.369995,103.481773,34938800
2/6/2012,127.830002,129.119995,127.300003,127.849998,103.062546,26273300
2/13/2012,128.679993,129.389999,127.57,129.229996,104.175034,34316000
2/20/2012,129.619995,129.899994,128.550003,129.619995,104.758842,29341000
2/27/2012,128.929993,130.369995,128.570007,129.550003,104.702301,28959500
3/5/2012,129.419998,129.589996,127.18,129.149994,104.379013,36098100
3/12/2012,129.169998,132.610001,129.100006,132.050003,106.722816,29785200
3/19/2012,131.910004,132.399994,129.710007,130.600006,105.754608,26220800
3/26/2012,131.389999,132.350006,130.039993,131.800003,106.726288,24768400
4/2/2012,131.559998,132.679993,129.929993,130.389999,105.58448,29364800
4/9/2012,128.960007,129.789993,126.919998,128.399994,103.973083,39867600
4/16/2012,129.229996,131.130005,128.679993,129.979996,105.252525,33494900
4/23/2012,128.740005,132.410004,128.160004,132,107.01133,25487300
4/30/2012,131.809998,133.139999,129.970001,130.089996,105.462845,23847100
5/7/2012,129.5,130.25,127.379997,128.179993,103.914467,32602700
5/14/2012,127.18,127.690002,123.089996,123.309998,99.966408,38672100
5/21/2012,123.690002,125.480003,122.82,124.260002,101.082222,37609100
5/28/2012,125.230003,125.919998,120.910004,121.010002,98.438461,33311600
6/4/2012,121.089996,125.43,120.190002,125.43,102.034012,32366300
6/11/2012,126.379997,127.480003,123.849998,127.339996,103.587746,31274000
6/18/2012,126.800003,128.710007,125.339996,126.230003,102.863876,30649200
6/25/2012,125.059998,128.570007,124.25,128.449997,104.672935,29495500
7/2/2012,128.619995,129.410004,126.870003,127.57,103.955879,17533600
7/9/2012,127.419998,128.139999,124.769997,127.620003,103.996544,26428600
7/16/2012,127.25,129.710007,126.290001,128.039993,104.338806,19698500
7/23/2012,126.019997,130.889999,124.940002,130.539993,106.549088,31135500
7/30/2012,130.309998,131.070007,127.510002,130.729996,106.704132,33472700
8/6/2012,130.940002,131.949997,130.789993,131.929993,107.683571,18926600
8/13/2012,131.740005,132.75,131.020004,132.419998,108.083557,18067700
8/20/2012,132.190002,133.020004,130.059998,131.380005,107.517738,19219400
8/27/2012,131.419998,131.570007,129.649994,130.880005,107.108543,16803300
9/3/2012,130.740005,133.089996,129.630005,132.940002,108.794357,17322800
9/10/2012,132.770004,136.479996,132.419998,135.860001,111.184006,19236900
9/17/2012,135.570007,136.240005,135,135.470001,110.864876,21330500
9/24/2012,134.919998,135.899994,133.360001,134.050003,109.93,23987800
10/1/2012,134.619995,136.440002,133.940002,135.960007,111.496376,22915000
10/8/2012,135.399994,135.860001,132.75,133.130005,109.175545,25518700
10/15/2012,133.339996,135.770004,132.809998,133.110001,109.159149,28654100
10/22/2012,132.929993,133.389999,130.089996,130.789993,107.404976,31147000
10/29/2012,131.350006,132.610001,130.229996,130.669998,107.306419,12888300
11/5/2012,130.460007,132.630005,127.279999,127.919998,105.048141,40766400
11/12/2012,128.190002,128.919998,124.419998,125.599998,103.142952,35653200
11/19/2012,126.629997,129.910004,126.510002,129.889999,106.941132,24508500
11/26/2012,129.119995,130.539993,127.470001,130.100006,107.113968,28020400
12/3/2012,130.690002,131.610001,129.160004,131.559998,108.316025,28401100
12/10/2012,131.589996,133.339996,131.259995,131.460007,108.233742,24004200
12/17/2012,131.649994,133.729996,130.830002,131.789993,108.505417,33531400
12/24/2012,131.289993,131.479996,128.970001,129.070007,106.596504,22858900
12/31/2012,128.660004,134.199997,128.539993,134.059998,110.717697,35128600
1/7/2013,133.690002,134.800003,132.740005,134.720001,111.262764,24799800
1/14/2013,134.660004,136.190002,134.240005,136.089996,112.394211,21611900
1/21/2013,136.130005,138.630005,135.919998,138.619995,114.606056,21691700
1/28/2013,138.850006,140.220001,138.300003,139.740005,115.532082,21780700
2/4/2013,138.809998,140.029999,138.320007,139.729996,115.523758,25681300
2/11/2013,139.619995,140.360001,138.75,139.449997,115.292274,18589300
2/18/2013,139.559998,140.279999,138.059998,139.809998,115.885643,21594600
2/25/2013,140.330002,141.309998,137.600006,140.740005,116.656578,44561800
3/4/2013,140.360001,144.020004,140.100006,143.759995,119.159668,25432800
3/11/2013,143.729996,145.350006,143.610001,144.820007,120.038368,30055500
3/18/2013,143.850006,145.149994,143.479996,144.899994,120.354767,31837900
3/25/2013,145.089996,145.529999,143.600006,145.320007,120.703651,22956000
4/1/2013,145.300003,146.5,144.050003,145.309998,120.695297,36782500
4/8/2013,145.320007,148.660004,144.759995,148.419998,123.278488,32990800
4/15/2013,147.899994,147.929993,144.360001,145.139999,120.554123,46214300
4/22/2013,145.380005,147.419998,144.240005,146.880005,122.118042,34513900
4/29/2013,147.199997,149.820007,146.580002,149.360001,124.179871,29841200
5/6/2013,149.360001,151.369995,149.139999,151.039993,125.576691,20646200
5/13/2013,150.75,153.240005,150.479996,153.139999,127.322662,28862000
5/20/2013,153.039993,155.139999,151.550003,152.770004,127.373398,38015800
5/27/2013,154.210007,154.979996,150.899994,151.100006,125.981026,32936800
6/3/2013,151.539993,152.910004,148.309998,152.320007,126.998184,51487600
6/10/2013,152.789993,152.880005,149.479996,150.660004,125.614243,29678900
6/17/2013,151.630005,153.360001,146.529999,147.729996,123.171303,45923200
6/24/2013,146.330002,150.419998,145.169998,148.550003,124.110672,41351400
7/1/2013,149.520004,151.089996,148.25,151.020004,126.174225,17887500
7/8/2013,151.779999,154.759995,151.679993,154.169998,128.806061,28440900
7/15/2013,154.559998,155.740005,153.929993,155.119995,129.599716,24502000
7/22/2013,155.119995,155.699997,153.669998,155.160004,129.805389,19797100
7/29/2013,154.860001,156.240005,154.419998,156.199997,130.675339,27081300
8/5/2013,155.910004,156.009995,153.330002,154.110001,128.92691,20622500
8/12/2013,153.449997,154.970001,150.190002,150.5,125.906799,31879000
8/19/2013,150.300003,150.720001,148.5,149.830002,125.664764,31345700
8/26/2013,149.830002,150.270004,147.369995,147.850006,124.004143,33075200
9/2/2013,148.880005,149.970001,147.610001,149.089996,125.04409,25031200
9/9/2013,149.5,153.800003,149.479996,153.690002,128.902237,29748900
9/16/2013,155.330002,157.059998,154.300003,154.300003,129.413834,37731500
9/23/2013,154.110001,154.320007,151.759995,152.210007,127.909714,33285200
9/30/2013,150.789993,151.770004,149.169998,150.429993,126.413788,44754700
10/7/2013,149.119995,152.220001,146.960007,152.169998,127.876122,48522500
10/14/2013,151.190002,153.800003,151.080002,153.600006,129.077774,40960600
10/21/2013,153.690002,155.449997,153.270004,155.449997,130.777237,26266000
10/28/2013,155.199997,156.869995,154.990005,155.860001,131.122253,30915400
11/4/2013,156.259995,157.800003,154.869995,157.490005,132.493439,34839600
11/11/2013,157.330002,159.300003,156.5,159.300003,134.016144,26413000
11/18/2013,159.710007,160.429993,158.350006,160.399994,135.195419,27700700
11/25/2013,160.809998,161.580002,160.300003,160.720001,135.465057,19506400
12/2/2013,160.759995,160.839996,157.830002,160.160004,134.993179,33622900
12/9/2013,160.289993,160.529999,157.070007,157.649994,132.877472,31887200
12/16/2013,158.369995,162.529999,158.110001,162.009995,136.55246,44404800
12/23/2013,162.570007,164.919998,162.330002,164.470001,138.964935,18603300
12/30/2013,164.550003,165.509995,163.839996,164.389999,138.897354,25130100
1/6/2014,164.990005,165.289993,163.520004,164.179993,138.720001,38005900
1/13/2014,163.899994,164.800003,162.139999,164.080002,138.635437,38976400
1/20/2014,165.029999,165.050003,158.479996,158.479996,134.012573,39212500
1/27/2014,158.710007,159.169998,155.850006,156.75,132.549606,55352300
2/3/2014,156.570007,157.800003,153.119995,157.779999,133.42067,63584100
2/10/2014,157.759995,161.830002,157.130005,161.589996,136.64238,28570100
2/17/2014,161.699997,162.339996,160.100006,160.809998,135.982773,25515600
2/24/2014,161.020004,163.770004,160.970001,163.020004,138.224335,33108000
3/3/2014,161.589996,164.889999,160.490005,164.339996,139.343613,34094000
3/10/2014,164.050003,164.490005,160.380005,160.649994,136.214828,32548500
3/17/2014,161.399994,164.199997,161.149994,162.630005,137.893723,35918100
3/24/2014,163.130005,164.330002,161.539993,162.850006,138.319092,30710600
3/31/2014,163.720001,166.059998,163.580002,163.880005,139.193939,31054500
4/7/2014,163.580002,164.309998,159.880005,160.020004,135.915344,41611400
4/14/2014,161.080002,164.190002,160.270004,163.75,139.083511,26414500
4/21/2014,163.839996,165.300003,163,163.350006,138.855545,19787900
4/28/2014,164.130005,165.850006,162.779999,164.75,140.045517,27702300
5/5/2014,163.970001,166.070007,163.389999,165.720001,140.870087,25143900
5/12/2014,166.309998,167.289993,163.770004,164.610001,139.926682,23837100
5/19/2014,164.139999,165.869995,163.039993,165.830002,141.325165,19056300
5/26/2014,166.449997,167.020004,165.949997,166.929993,142.262665,11775300
6/2/2014,167.25,169.119995,166.580002,169.080002,144.09491,20378500
6/9/2014,169.119995,169.580002,166.979996,167.619995,142.850769,16716600
6/16/2014,167.389999,169.419998,167.149994,169.080002,144.09491,19080900
6/23/2014,169.059998,169.330002,167.059998,168.169998,143.596344,18393000
6/30/2014,167.910004,170.470001,167.649994,170.470001,145.560196,15404500
7/7/2014,169.880005,170.009995,167.699997,169.199997,144.475708,19682800
7/14/2014,170.149994,171.320007,169.460007,170.580002,145.65419,24271100
7/21/2014,170.100006,170.960007,168.759995,169.160004,144.596756,18232700
7/28/2014,169.229996,170.190002,164.009995,164.570007,140.673279,29209700
8/4/2014,164.800003,165.610001,163.130005,165.339996,141.331482,28078600
8/11/2014,165.960007,167.460007,165,166.350006,142.194763,21662400
8/18/2014,167.25,170.529999,167.229996,169.869995,145.461304,16946000
8/25/2014,170.559998,171.350006,170.100006,170.880005,146.326172,17394500
9/1/2014,170.940002,171.559998,170.009995,171.25,146.643082,13470600
9/8/2014,171.039993,171.350006,169.399994,169.899994,145.486969,20014600
9/15/2014,170.059998,173.320007,169.550003,172.449997,147.670624,35374800
9/22/2014,172.350006,172.380005,169.089996,170.699997,146.522675,31201700
9/29/2014,169.179993,171.100006,166.429993,169.720001,145.681458,36374000
10/6/2014,170.440002,170.690002,165.210007,165.210007,141.810272,47442100
10/13/2014,165.089996,165.789993,158.270004,163.449997,140.299484,83366900
10/20/2014,162.350006,167.789993,162.25,167.740005,143.981934,34939400
10/27/2014,167.229996,173.630005,166.970001,173.449997,148.883148,33098500
11/3/2014,173.570007,175.600006,172.460007,175.580002,150.711426,28345200
11/10/2014,175.619995,176.979996,175.25,176.350006,151.372437,19000600
11/17/2014,176.059998,178.600006,176,177.699997,152.531219,20065700
11/24/2014,178.130005,178.690002,177.559998,178.100006,153.261932,14962200
12/1/2014,177.539993,179.820007,177.029999,179.509995,154.475296,30659300
12/8/2014,178.960007,179.539993,172.929993,173,148.873154,40287100
12/15/2014,173.75,178.419998,170.740005,177.649994,152.87468,55238500
12/22/2014,178.220001,180.710007,178.190002,180.190002,155.395248,17649200
12/29/2014,179.880005,180.380005,176.979996,177.940002,153.454803,14995800
1/5/2015,177.059998,179.059998,172.320007,177.220001,152.833847,36191900
1/12/2015,177.440002,179.029999,172.119995,174.669998,150.634827,43325000
1/19/2015,175.229996,178.139999,173.139999,176.410004,152.265579,27843800
1/26/2015,176.160004,176.710007,171.059998,171.449997,147.984451,45722400
2/2/2015,171.949997,179.360001,170.100006,178.089996,153.715576,36166900
2/9/2015,177.179993,180.539993,176.679993,180.339996,155.657669,20211200
2/16/2015,180.059998,181.199997,178.5,181.139999,156.348206,17153800
2/23/2015,180.710007,182.240005,180.320007,181.190002,156.818054,15997300
3/2/2015,181.369995,182.679993,178.130005,178.399994,154.403198,19567200
3/9/2015,178.529999,180.190002,176.229996,177.559998,153.6763,26357800
3/16/2015,178.25,181.669998,176.970001,180.960007,156.619064,34465800
3/23/2015,181.050003,181.75,175.460007,176.809998,153.292587,27337000
3/30/2015,178.309998,179.759995,175.570007,177.330002,153.743362,20697200
4/6/2015,176.320007,180.440002,176.089996,180.369995,156.378952,24982400
4/13/2015,180.169998,181.509995,177.160004,177.940002,154.272202,25104800
4/20/2015,179.309998,181.070007,178.550003,180.539993,156.628555,23430600
4/27/2015,181.460007,181.539993,177.449997,179.899994,156.073395,28523000
5/4/2015,180.339996,182.020004,177.25,181.850006,157.765076,25779800
5/11/2015,181.770004,182.639999,179.270004,182.479996,158.311554,21791400
5/18/2015,182.429993,183.350006,182.039993,182.259995,158.470627,15819100
5/25/2015,181.929993,181.929993,179.669998,180.110001,156.601273,17702500
6/1/2015,181,181.740005,178.25,178.5,155.201385,27477900
6/8/2015,178.509995,181.259995,177.199997,179.130005,155.749237,22865400
6/15/2015,177.889999,181.940002,177.110001,179.759995,156.296982,22937300
6/22/2015,181.029999,181.570007,178.589996,179.130005,156.162582,19952200
6/29/2015,177.600006,178.210007,175.449997,177.050003,154.349228,26182200
7/6/2015,175.589996,177.800003,174.440002,177.410004,154.663071,27467700
7/13/2015,178.830002,181.25,178.800003,180.539993,157.3918,15296200
7/20/2015,180.949997,181.100006,175.309998,175.520004,153.16095,21359700
7/27/2015,174.470001,177.729996,173.779999,176.679993,154.17308,23314800
8/3/2015,176.820007,176.869995,172.800003,173.839996,151.694839,24684200
8/10/2015,174.800003,176.320007,171.399994,174.899994,152.619904,30165600
8/17/2015,174.240005,175.929993,164.410004,164.410004,143.466217,50270400
8/24/2015,155.899994,166.619995,150.570007,166.330002,145.612091,97683100
8/31/2015,165.350006,166.179993,159.740005,160.970001,140.919724,45566000
9/7/2015,163.809998,166.710007,162.149994,164.389999,143.913727,29216700
9/14/2015,164.460007,169.440002,163.199997,163.539993,143.169586,41293900
9/21/2015,164.669998,165.559998,159.929993,162.880005,142.872772,40223500
9/28/2015,162.039993,164.580002,159.179993,164.580002,144.363907,46281000
10/5/2015,165.740005,170.970001,165.490005,170.759995,149.784821,35002300
10/12/2015,170.729996,171.960007,168.720001,171.880005,150.767212,32160000
10/19/2015,171.279999,176.639999,171.039993,176.369995,154.778061,30998100
10/26/2015,176.240005,177.830002,175.240005,176.490005,154.883286,27094900
11/2/2015,176.869995,179.600006,176.729996,179.139999,157.208817,27984500
11/9/2015,178.5,178.600006,172.550003,172.610001,151.478287,29835800
11/16/2015,172.5,178.970001,172.149994,178.059998,156.261047,31066800
11/23/2015,177.880005,178.479996,176.610001,177.899994,156.625839,12072500
11/30/2015,178.130005,179.039993,174.259995,178.419998,157.083618,30321000
12/7/2015,178.020004,178.080002,172.449997,172.729996,152.074097,36592400
12/14/2015,172.970001,178.190002,170.889999,171,150.550934,51098200
12/21/2015,172.279999,175.820007,170.910004,175.220001,154.626587,20692100
12/28/2015,174.490005,177.25,173.970001,173.990005,153.541183,17761300
1/4/2016,171.050003,171.740005,163,163.240005,144.054672,60390400
1/11/2016,164.160004,165.839996,158.229996,159.679993,140.91304,73692000
1/18/2016,161.449997,161.619995,154.380005,160.789993,141.967194,50842800
1/25/2016,160.410004,164.429993,158.470001,164.369995,145.128113,36645800
2/1/2016,163.389999,164.970001,159.479996,161.940002,142.982544,49135900
2/8/2016,160.110001,162.300003,155.259995,159.979996,141.25209,54912200
2/15/2016,161.759995,165.449997,160.619995,163.699997,144.536484,20883600
2/22/2016,165.350006,167.949997,161.470001,166.279999,147.363602,26572200
2/29/2016,166.160004,170.550003,164.960007,170.020004,150.678116,16998600
3/7/2016,169.369995,172.339996,168.300003,172.229996,152.636688,18189200
3/14/2016,171.699997,175.949997,171.320007,175.690002,155.703064,17828700
3/21/2016,175.619995,176.259995,173.699997,174.940002,155.371445,17009100
3/28/2016,175.130005,177.850006,174.059998,177.720001,157.84053,19731500
4/4/2016,177.630005,177.880005,174.679993,175.660004,156.010925,19662400
4/11/2016,176.119995,179.5,175.360001,178.679993,158.693085,19715900
4/18/2016,178.130005,181.419998,178.100006,179.899994,159.892731,13365500
4/25/2016,179.229996,180.649994,176.289993,177.589996,157.8396,17342500
5/2/2016,178.080002,178.910004,175.679993,177.339996,157.617416,15271900
5/9/2016,177.25,179.270004,175.259995,175.479996,155.964294,13357800
5/16/2016,175.690002,177.699997,173.669998,174.759995,155.324341,17681400
5/23/2016,174.839996,178.740005,174.600006,178.5,159.206238,11136400
5/30/2016,178.979996,178.979996,176.550003,178.059998,158.813736,11209700
6/6/2016,178.490005,180.179993,178.110001,178.710007,159.393478,12274500
6/13/2016,178,179,174.800003,176.520004,157.440262,19546500
6/20/2016,178.399994,179.830002,173.300003,173.619995,155.164093,22106300
6/27/2016,172.479996,179.800003,170.369995,179.309998,160.249222,27972100
7/4/2016,178.580002,181.559998,176.960007,181.300003,162.027679,16149100
7/11/2016,181.860001,185.5,181.779999,184.880005,165.227112,15069100
7/18/2016,184.830002,186.080002,184.539993,185.509995,165.911133,12256700
7/25/2016,185.270004,185.300003,183.520004,184.130005,164.676987,18321300
8/1/2016,184.350006,185.279999,182.309998,185.259995,165.687698,18000200
8/8/2016,185.5,186.580002,184.839996,185.899994,166.26004,10301800
8/15/2016,186.399994,186.880005,184.720001,185.320007,165.741287,11067900
8/22/2016,184.949997,186.130005,183.139999,183.820007,164.980576,12121600
8/29/2016,183.830002,185.419998,182.899994,184.860001,165.914032,11629200
9/5/2016,185.110001,185.490005,180.910004,180.910004,162.368851,14428400
9/12/2016,180.089996,183.639999,179.929993,180.970001,162.422714,24300700
9/19/2016,181.880005,184.259995,180.669998,182.419998,164.042709,12819700
9/26/2016,181.509995,183.440002,180.240005,182.779999,164.366409,20729500
10/3/2016,182.309998,183.020004,180.940002,182.220001,163.862778,11512800
10/10/2016,182.220001,183.850006,179.429993,181.289993,163.026505,13907300
10/17/2016,181.169998,182.449997,180.229996,181.220001,162.963531,12993400
10/24/2016,182.360001,182.5,180.350006,181.360001,163.251358,16385900
10/31/2016,181.580002,181.699997,178.639999,178.710007,160.865921,14895000
11/7/2016,181.169998,188.820007,181.050003,188.470001,169.651428,28955700
11/14/2016,189.110001,189.389999,188.139999,188.460007,169.64238,20575900
11/21/2016,188.880005,191.339996,188.600006,191.300003,172.685013,9768400
11/28/2016,190.929993,192.25,190.520004,191.740005,173.082199,21296600
12/5/2016,192.479996,197.720001,191.869995,197.690002,178.453278,24260700
12/12/2016,197.839996,199.830002,197.610001,198.190002,178.904556,27106000
12/19/2016,198.300003,199.610001,198.210007,199.050003,180.072525,11940600
12/26/2016,199.160004,199.559998,196.919998,197.509995,178.679276,13454900
1/2/2017,198.910004,199.830002,197.479996,199.509995,180.488647,19940100
1/9/2017,199.089996,199.570007,197.529999,198.699997,179.75592,17876600
1/16/2017,198.270004,198.649994,196.690002,197.960007,179.08638,18014500
1/23/2017,197.860001,200.970001,197.039993,200.630005,181.679611,20912500
1/30/2017,199.830002,200.570007,197.559998,200.380005,181.453156,20520900
2/6/2017,200.029999,203,199.779999,202.740005,183.590302,14036600
2/13/2017,203.320007,206.720001,203.320007,205.880005,186.433701,20207300
2/20/2017,206.559998,208.149994,206.419998,207.929993,188.802979,12214600
2/27/2017,207.729996,211.589996,207.610001,209.910004,190.600876,20027600
3/6/2017,209.259995,209.770004,207.869995,209.149994,189.910767,15872900
3/13/2017,209.130005,210.169998,207.979996,208.860001,189.647507,18323400
3/20/2017,208.850006,209.429993,205,205.75,187.188278,21292200
3/27/2017,204.179993,207.259995,203.809998,206.339996,187.72496,17450300
4/3/2017,206.520004,208.649994,204.880005,206.380005,187.761368,16898100
4/10/2017,206.490005,207.320007,204.360001,204.369995,185.932678,11693600
4/17/2017,204.929993,206.259995,203.639999,205.25,186.733353,15273700
4/24/2017,207.330002,210.429993,207.029999,209.080002,190.386246,13454800
5/1/2017,209.490005,209.779999,208.199997,209.770004,191.014572,9389000
5/8/2017,209.699997,210.320007,208.100006,209.009995,190.322495,9944200
5/15/2017,209.399994,210.460007,205.860001,207.770004,189.193359,20829100
5/22/2017,208.320007,210.919998,208.320007,210.539993,192.280579,12533600
5/29/2017,210.210007,212.210007,209.320007,211.910004,193.531815,6786000
6/5/2017,211.860001,213.070007,211.139999,212.669998,194.225861,11865000
6/12/2017,212.460007,214,211.880005,213.559998,195.038696,16475700
6/19/2017,214.360001,215.070007,213.059998,213.740005,195.56369,10038700
6/26/2017,214.289993,214.759995,211.699997,213.240005,195.106201,15204900
7/3/2017,213.949997,215.380005,212.940002,214.050003,195.84729,7557700
7/10/2017,213.679993,216.679993,212.679993,216.259995,197.869339,8820100
7/17/2017,216.320007,216.580002,214.630005,215.529999,197.201401,9913600
7/24/2017,215.509995,218.160004,214.679993,218.020004,199.697754,10932200
7/31/2017,218.649994,220.669998,218.490005,220.570007,202.033417,11509500
8/7/2017,220.75,221.679993,218.520004,218.699997,200.320541,21859600
8/14/2017,219.880005,221.100006,216.149994,216.529999,198.332916,14921100
8/21/2017,216.460007,218.929993,215.729996,218.039993,200.202316,13858300
8/28/2017,218.5,220.410004,216.619995,219.919998,201.928406,9565600
9/4/2017,219.529999,219.529999,217.179993,218.240005,200.385956,9862700
9/11/2017,219.580002,222.570007,219.580002,222.449997,204.251495,11084400
9/18/2017,222.919998,223.970001,222.669998,223.199997,205.363174,9879800
9/25/2017,223.110001,223.869995,221.990005,223.820007,205.933624,10418900
10/2/2017,224.190002,227.660004,224.020004,227.550003,209.365585,11216900
10/9/2017,227.889999,228.970001,227.339996,228.729996,210.451294,6899700
10/16/2017,229.070007,233.130005,228.809998,233.130005,214.499619,12513000
10/23/2017,233.580002,234.699997,232.350006,234.169998,215.626816,14964600
10/30/2017,233.520004,235.389999,233.149994,235.179993,216.556885,12154000
11/6/2017,235.229996,235.880005,233.160004,234.429993,215.866211,13204300
11/13/2017,233.660004,235.279999,232.649994,233.389999,214.9086,14259200
11/20/2017,233.660004,236.059998,233.419998,235.470001,217.343903,9102800
11/27/2017,235.5,243.490005,235.389999,242.449997,223.786514,26909200
12/4/2017,245.009995,245.570007,241.100006,243.619995,224.866516,20890100
12/11/2017,243.770004,247.070007,243.5,246.25,227.294052,19465000
12/18/2017,248.009995,248.539993,246.759995,247.399994,228.878433,12754400
12/25/2017,246.940002,248.610001,246.880005,247.380005,228.859909,10782100
1/1/2018,248.339996,252.850006,247.229996,252.720001,233.800095,18265600
1/8/2018,252.75,257.970001,252.220001,257.910004,238.601608,17675300
1/15/2018,260.269989,261.320007,256.910004,260.540009,241.034714,23165100
1/22/2018,259.700012,265.929993,259.630005,265.910004,246.138824,23730200
1/29/2018,265.559998,265.899994,254.729996,254.929993,235.975281,34044200
2/5/2018,252.220001,255.020004,233.759995,242.029999,224.034363,88725500
2/12/2018,244.029999,254.119995,243.059998,251.960007,233.226151,34966900
2/19/2018,250.440002,252.949997,247.710007,252.910004,234.705048,26041300
2/26/2018,254.320007,257.859985,242.160004,245.350006,227.689224,33177600
3/5/2018,243.839996,253.559998,243.800003,253.559998,235.308212,24412700
3/12/2018,254.050003,254.720001,246.919998,249.100006,231.169281,26336200
3/19/2018,248.300003,249.649994,234.850006,235.130005,218.603424,28387700
3/26/2018,239.029999,244.259995,236.850006,241.399994,224.43277,27701000
4/2/2018,240.330002,246.089996,233.199997,239.130005,222.322281,37301300
4/9/2018,241.160004,246.460007,239.429993,243.580002,226.459534,25727500
4/16/2018,245.119995,248.479996,243.589996,244.479996,227.296265,18604200
4/23/2018,245.059998,245.559998,238.089996,242.949997,225.994827,21904700
4/30/2018,244.100006,244.839996,235.119995,242.520004,225.594818,20380100
5/7/2018,243.5,248.940002,241.839996,248.539993,231.194687,16752800
5/14/2018,249.410004,250.199997,246.419998,247,229.762146,15543600
5/21/2018,249.220001,250.669998,245.850006,247.369995,230.755554,17534100
5/28/2018,245.380005,247.160004,242.309998,246.360001,229.813431,19548600
6/4/2018,247.720001,253.410004,247.160004,253.270004,236.259293,18719200
6/11/2018,253.619995,254.160004,248.770004,250.740005,233.899185,25898000
6/18/2018,248.800003,249.899994,243.929993,245.690002,229.530884,22559800
6/25/2018,244.179993,245.580002,239.830002,242.729996,226.765549,29005400
7/2/2018,240.919998,245.199997,240.619995,244.600006,228.512573,15684700
7/9/2018,245.779999,250.460007,245.759995,250.199997,233.744263,17757300
7/16/2018,250.389999,252.169998,249.679993,250.440002,233.968475,12186300
7/23/2018,250.210007,255.679993,249.619995,254.259995,237.838806,21992800
7/30/2018,254.529999,254.789993,251.029999,254.389999,237.960419,17988300
8/6/2018,254.220001,256.76001,252.399994,253.300003,236.940811,13050900
8/13/2018,253.570007,257.119995,249.860001,256.51001,239.943497,24128200
8/20/2018,257.109985,258.700012,255.979996,257.850006,241.705002,16515600
8/27/2018,259.25,261.769989,258.980011,259.850006,243.579803,16208100
9/3/2018,259.220001,261.049988,258.209991,259.540009,243.289215,13902300
9/10/2018,260.519989,262.470001,257.820007,261.890015,245.492126,15841700
9/17/2018,261.720001,267.609985,260.640015,267.119995,250.394608,18665000
9/24/2018,266.679993,266.700012,263.269989,264.399994,248.352692,14693800
10/1/2018,266.100006,269.279999,262.899994,264.320007,248.277573,32407200
10/8/2018,263.25,265.320007,248.860001,253.300003,237.926392,46992200
10/15/2018,252.869995,258.109985,252.320007,254.320007,238.884521,34736000
10/22/2018,255.070007,255.440002,244.309998,246.529999,231.708893,31450500
10/29/2018,248.720001,255.600006,241.050003,252.460007,237.282364,28042100
11/5/2018,252.839996,262.970001,252.5,260.089996,244.453674,17899200
11/12/2018,259.700012,259.920013,248.350006,254.050003,238.776733,29897700
11/19/2018,253.610001,253.779999,242.710007,242.809998,228.755478,17776300
11/26/2018,244.869995,255.839996,244.139999,255.509995,240.720261,17962900
12/3/2018,260.170013,260.299988,242.820007,244.309998,230.16864,29117600
12/10/2018,243.940002,248.759995,239.25,241.419998,227.445847,26448800
12/17/2018,240.039993,241.399994,223.850006,224.089996,211.119003,44087500
12/24/2018,222.5,233.809998,216.970001,230.479996,217.725082,32003900
12/31/2018,232.330002,235.179993,226.360001,234.279999,221.314804,25093000
1/7/2019,234.839996,240.160004,232.949997,239.880005,226.604889,19918800
1/14/2019,237.929993,247.399994,237.639999,247.050003,233.378098,19491100
1/21/2019,245.350006,248.550003,242.350006,247.389999,233.866226,16499800
1/28/2019,244.729996,251.850006,243.139999,250.479996,236.787338,21300400
2/4/2019,250.429993,254.350006,249.130005,251.320007,237.581375,14407200
2/11/2019,252.119995,258.679993,250.350006,258.649994,244.510681,17238500
2/18/2019,257.959991,260.410004,257.5,260.170013,246.622238,12334200
2/25/2019,261.850006,262.359985,258.769989,260.420013,246.859177,15892200
3/4/2019,261.5,261.679993,252.740005,254.710007,241.446579,19753500
3/11/2019,252.850006,259.149994,252.460007,258.339996,244.887527,24947400
3/18/2019,257.940002,260.959991,254.869995,254.960007,242.196075,21956700
3/25/2019,254.690002,259.339996,253.570007,259.130005,246.157318,18117700
4/1/2019,261.230011,264.839996,260.579987,264.160004,250.93544,19146900
4/8/2019,262.829987,264.390015,260.579987,264.070007,250.849976,17122400
4/15/2019,264.019989,265.929993,263.149994,265.559998,252.265381,11069100
4/22/2019,264.600006,266.859985,262.980011,265.339996,252.207123,11120100
4/29/2019,265.320007,266.809998,261.679993,264.970001,251.855423,12506000
5/6/2019,260.350006,264.700012,255.039993,259.920013,247.055359,26787400
5/13/2019,254.669998,260.079987,252.589996,257.440002,244.698059,22328500
5/20/2019,256.209991,258.880005,253.279999,256.119995,244.049835,14808400
5/27/2019,256.119995,257.209991,248.220001,248.220001,236.52211,18118000
6/3/2019,248.339996,261.119995,247.039993,260.25,247.985199,17989200
6/10/2019,261.880005,262.869995,256.950012,261.51001,249.185822,12157100
6/17/2019,261.640015,268.959991,260.970001,267.100006,254.51236,19306600
6/24/2019,267.329987,267.910004,264.5,265.850006,253.924561,15203600
7/1/2019,268.450012,269.600006,266,269.269989,257.191315,10165400
7/8/2019,267.899994,273.390015,266.690002,273.390015,261.126465,9458700
7/15/2019,273.549988,273.98999,270.75,271.450012,259.27356,10439000
7/22/2019,271.769989,273.609985,270.519989,271.859985,259.877869,9781700
7/29/2019,271.859985,272.679993,262.429993,264.809998,253.138611,20992200
8/5/2019,260.98999,264.440002,254.360001,263.179993,251.58049,24098800
8/12/2019,261.420013,264.630005,253.929993,258.880005,247.470016,20325000
8/19/2019,262.040009,263.820007,255.039993,256.290009,245.639999,14726400
8/26/2019,259,265.399994,256.339996,264.130005,253.154236,15147100
9/2/2019,262.070007,268.940002,260.029999,268.320007,257.170044,11130900
9/9/2019,268.850006,273.440002,267.549988,272.600006,261.272217,12252400
9/16/2019,271.600006,273.200012,269.089996,269.25,258.061462,15928800
9/23/2019,268.25,270.609985,266.880005,267.98999,257.46756,14595500
9/30/2019,268.51001,270.290009,257.380005,265.660004,255.228943,20925100
10/7/2019,264.920013,270.140015,261.350006,268.160004,257.630798,13908000
10/14/2019,267.600006,275,267.440002,267.640015,257.131287,10894300
10/21/2019,268.059998,270.119995,267.059998,269.600006,259.180206,9276200
10/28/2019,270.779999,273.339996,269.070007,273.339996,262.775635,12849300
11/4/2019,274.730011,278.049988,273.959991,277.070007,266.361511,9391200
11/11/2019,275.790009,279.950012,275.390015,279.940002,269.120544,9964500
11/18/2019,279.76001,280.839996,276.720001,278.859985,268.578369,8983800
11/25/2019,279.679993,281.910004,279.640015,280.950012,270.591339,5709600
12/2/2019,281.450012,281.48999,273.619995,280.700012,270.350555,12446500
12/9/2019,280.440002,283.609985,278.630005,282.109985,271.708557,11368800
12/16/2019,282.929993,285.059998,282.910004,284.459991,273.971954,10859800
12/23/2019,285.339996,286.850006,284.869995,286.329987,276.615143,6038100
12/30/2019,286.339996,288.630005,283.559998,286.320007,276.605438,11056400
1/6/2020,284.290009,290.040009,284.160004,288.23999,278.460358,10967500
1/13/2020,288.790009,293.609985,288.140015,293.269989,283.319641,10526300
1/20/2020,292.440002,293.279999,288.339996,289.799988,280.099335,12039000
1/27/2020,284.850006,289.279999,281.609985,282.420013,272.96637,17573500
2/3/2020,283.690002,294.140015,283.5,291.190002,281.44281,16163900
2/10/2020,290.200012,295.869995,290.160004,294.540009,284.680756,12176300
2/17/2020,293.149994,294.720001,288.75,289.73999,280.041321,10637900
2/24/2020,280.329987,282.779999,247,254.559998,246.716476,52706800
3/2/2020,256.709991,271.109985,252.429993,258.850006,250.874313,38680500
3/9/2020,241.5,250.539993,211.830002,232.110001,224.958221,58499800
3/16/2020,206.5,218.309998,189.669998,191.899994,185.987152,67643000
3/23/2020,190.130005,225.869995,182.100006,216.350006,210.312744,74009500
3/30/2020,217.360001,224.75,207.179993,210.600006,204.72319,39585100
4/6/2020,218.949997,240.190002,218.119995,237.139999,230.522598,37583600
4/13/2020,236.410004,242.660004,230.960007,242.429993,235.664963,31032700
4/20/2020,238.240005,241.110001,229.410004,237.830002,231.321091,28180100
4/27/2020,239.119995,247.669998,236.5,237.279999,230.786163,23010100
5/4/2020,235.210007,243.800003,233.639999,243.619995,236.952667,17377600
5/11/2020,241.679993,244.139999,228.300003,236.910004,230.4263,28483800
5/18/2020,243.509995,247.380005,242.070007,244.880005,238.643829,18792300
5/25/2020,250.839996,257.940002,249.880005,254.289993,247.81424,20238300
6/1/2020,253.779999,273.950012,252.699997,271.540009,264.624908,22095000
6/8/2020,272.899994,276.380005,251.380005,256.73999,250.201813,39906400
6/15/2020,250.289993,267.140015,249.100006,258.799988,252.209351,29449900
6/22/2020,257.880005,263.149994,249.699997,250.380005,244.708572,21318700
6/29/2020,252.179993,262.170013,250.949997,258.420013,252.566452,14832200
7/6/2020,262.160004,263.049988,255.350006,260.820007,254.912109,15761300
7/13/2020,263.059998,270.540009,260.100006,266.73999,260.697968,23604100
7/20/2020,266.390015,270.350006,264.049988,264.690002,258.898651,14705600
7/27/2020,264.769989,266.309998,259.940002,264.350006,258.566101,12907500
8/3/2020,265.670013,274.820007,265.350006,274.619995,268.611389,10861400
8/10/2020,275.51001,281.779999,275.480011,279.799988,273.67807,13417200
8/17/2020,280.140015,280.25,275.869995,279.290009,273.179199,12154400
8/24/2020,281.720001,287.450012,280.470001,286.700012,281.037994,14764600
8/31/2020,286.26001,292.359985,277.01001,281.769989,276.205322,23822300
9/7/2020,278.820007,282.48999,274.850006,277.089996,271.617767,14512300
9/14/2020,278.920013,284.230011,274.769989,276.519989,271.059052,13817300
9/21/2020,271.579987,274.589996,265.269989,271.700012,266.971161,20721500
9/28/2020,275.26001,280.350006,273.290009,276.799988,271.982391,16529400
10/5/2020,278.790009,286.809998,277.23999,285.929993,280.953491,13346600
10/12/2020,286.950012,289.609985,281.660004,285.970001,280.992798,12766700
10/19/2020,286.640015,287.059998,280.299988,283.339996,278.522919,13568900
10/26/2020,280.140015,280.390015,261.410004,265.059998,260.55368,24736200
11/2/2020,268.899994,284.959991,266.929993,283.220001,278.404907,23566700
11/9/2020,298.609985,299.48999,289.190002,295.149994,290.132111,25556500
11/16/2020,299.279999,300.079987,292.200012,292.529999,287.556702,18587400
11/23/2020,294.26001,301.109985,293.480011,299.23999,294.803375,11025500
11/30/2020,297.519989,302.589996,294.75,302.589996,298.103729,15370300
12/7/2020,301.769989,303.600006,298.679993,300.929993,296.468323,12737100
12/14/2020,303.019989,303.799988,299,301.899994,297.423981,17279900
12/21/2020,298.790009,302.970001,297.420013,302.019989,298.119781,13709100
12/28/2020,303.690002,306.290009,302.640015,305.790009,301.841064,9580300
1/4/2021,306.589996,311.980011,298.73999,311.040009,307.023315,23094900
1/11/2021,308.48999,312.269989,306.029999,308.119995,304.140991,14198200
1/18/2021,310.359985,312.709991,308.600006,309.970001,306.093475,9159800
1/25/2021,308.98999,311.190002,298.589996,299.809998,296.060547,24867600
2/1/2021,302.279999,312.549988,300.140015,311.540009,307.64386,12911300
2/8/2021,312.700012,315.76001,312.299988,315.040009,311.100159,10953300
2/15/2021,316.329987,316.910004,313.380005,314.920013,310.981567,8768200
2/22/2021,312.899994,320.040009,308.779999,309.450012,306.163116,28565900
3/1/2021,313.480011,316.920013,305.679993,315.23999,311.891571,29567200
3/8/2021,316.75,328.48999,315.829987,328.309998,324.822754,30535900
3/15/2021,329.179993,332.859985,324.980011,326.01001,322.547211,23070100
3/22/2021,325.549988,330.890015,320.619995,330.609985,327.766083,25489500
3/29/2021,329.290009,332.459991,328.899994,331.450012,328.598907,19469500
4/5/2021,333.940002,338.079987,333.429993,337.859985,334.953705,16978400
4/12/2021,337.26001,342.429993,335.48999,341.859985,338.91925,17940700
4/19/2021,341.070007,341.589996,336.75,340.429993,337.612671,19753300
4/26/2021,341.149994,341.480011,337.369995,338.940002,336.13501,14446700
5/3/2021,340.790009,348.290009,337.619995,347.880005,345.001007,18486000
5/10/2021,349.26001,351.089996,335.709991,344.26001,341.411011,31941600
5/17/2021,343.329987,345.130005,335.200012,342.040009,339.209381,22962200
5/24/2021,343.369995,346.480011,342.660004,345.640015,343.486633,12887100
5/31/2021,348.540009,348.649994,343.559998,347.899994,345.732513,12191600
6/7/2021,348.5,348.540009,343.570007,345.119995,342.969818,13656600
6/14/2021,344.829987,344.869995,332.679993,332.959991,330.885559,20993200
6/21/2021,335.26001,344.980011,334.410004,344.450012,342.803101,19903200
6/28/2021,344.329987,348.290009,341.820007,347.940002,346.276337,16381400
7/5/2021,347.75,349.070007,341.529999,348.730011,347.062622,18700600
7/12/2021,348.01001,350.73999,346.339996,346.73999,345.082092,22036300
7/19/2021,341.790009,350.98999,337.380005,350.570007,349.100311,25145900
7/26/2021,350,351.709991,348.670013,349.480011,348.014893,16065600
8/2/2021,350.450012,352.48999,347.109985,352.089996,350.613922,14149400
8/9/2021,351.600006,356.369995,350.549988,355.390015,353.900116,14118300
8/16/2021,354.410004,356.600006,347.309998,351.160004,349.687836,21528500
8/23/2021,352.959991,355.040009,352.070007,354.570007,353.701935,14157300
8/30/2021,354.959991,355.220001,353.089996,354.140015,353.27298,12990400
9/6/2021,353.640015,353.690002,346.570007,346.700012,345.851196,14257200
9/13/2021,348.910004,350.570007,345.059998,345.640015,344.793793,21636100
9/20/2021,340.220001,348.670013,335.98999,347.869995,347.753418,31658200
9/27/2021,348.290009,350.5,337.679993,343.179993,343.065002,29151400
10/4/2021,342.609985,349.769989,338.070007,347.529999,347.413544,26107100
10/11/2021,347.660004,353.079987,341.119995,352.850006,352.731781,22059500
10/18/2021,351.339996,357.619995,350.25,356.73999,356.73999,14681400
10/25/2021,357.359985,358.929993,354.959991,358.230011,358.230011,14711900
11/1/2021,359.450012,364.940002,357.980011,363.299988,363.299988,17094200
11/8/2021,365.059998,365.640015,363.329987,364.320007,364.320007,3056000
